url,kind,usedOn
/wp-content/uploads/2023/05/cropped-favicon-03-32x32.png,media,aplicaciones-industriales-generales clave-de-codigo-de-producto colors condiciones-de-uso conocenos contactenos descargar-informacion electrodomesticos hello-world home ifs-pureclad imprimadores-en-polvo maquiladores mercado-arquitectonico politica-de-privacidad polvo-antigrafiti polvo-antimicrobiano polvo-de-fluoropolimero-feve polvo-de-poliester-estandar polvo-disipadores-de-electricidad-estatica-esd polvo-epoxi polvo-hibrido polvos-de-poliester-superduraderos polvos-termoplasticos-ifs-puroplaz recubrimientos-en-polvo-aprobados-por-nsf repintado-de-automoviles trailers-2 ul-polvo valores-de-la-mision varillas-de-refuerzo
/wp-content/uploads/2023/05/cropped-favicon-03-192x192.png,media,aplicaciones-industriales-generales clave-de-codigo-de-producto colors condiciones-de-uso conocenos contactenos descargar-informacion electrodomesticos hello-world home ifs-pureclad imprimadores-en-polvo maquiladores mercado-arquitectonico politica-de-privacidad polvo-antigrafiti polvo-antimicrobiano polvo-de-fluoropolimero-feve polvo-de-poliester-estandar polvo-disipadores-de-electricidad-estatica-esd polvo-epoxi polvo-hibrido polvos-de-poliester-superduraderos polvos-termoplasticos-ifs-puroplaz recubrimientos-en-polvo-aprobados-por-nsf repintado-de-automoviles trailers-2 ul-polvo valores-de-la-mision varillas-de-refuerzo
/wp-content/uploads/2023/05/cropped-favicon-03-180x180.png,media,aplicaciones-industriales-generales clave-de-codigo-de-producto colors condiciones-de-uso conocenos contactenos descargar-informacion electrodomesticos hello-world home ifs-pureclad imprimadores-en-polvo maquiladores mercado-arquitectonico politica-de-privacidad polvo-antigrafiti polvo-antimicrobiano polvo-de-fluoropolimero-feve polvo-de-poliester-estandar polvo-disipadores-de-electricidad-estatica-esd polvo-epoxi polvo-hibrido polvos-de-poliester-superduraderos polvos-termoplasticos-ifs-puroplaz recubrimientos-en-polvo-aprobados-por-nsf repintado-de-automoviles trailers-2 ul-polvo valores-de-la-mision varillas-de-refuerzo
/wp-content/uploads/2023/05/cropped-favicon-03-270x270.png,media,aplicaciones-industriales-generales clave-de-codigo-de-producto colors condiciones-de-uso conocenos contactenos descargar-informacion electrodomesticos hello-world home ifs-pureclad imprimadores-en-polvo maquiladores mercado-arquitectonico politica-de-privacidad polvo-antigrafiti polvo-antimicrobiano polvo-de-fluoropolimero-feve polvo-de-poliester-estandar polvo-disipadores-de-electricidad-estatica-esd polvo-epoxi polvo-hibrido polvos-de-poliester-superduraderos polvos-termoplasticos-ifs-puroplaz recubrimientos-en-polvo-aprobados-por-nsf repintado-de-automoviles trailers-2 ul-polvo valores-de-la-mision varillas-de-refuerzo
/wp-content/uploads/2023/04/mexico-flag.png,media,aplicaciones-industriales-generales clave-de-codigo-de-producto colors condiciones-de-uso conocenos contactenos descargar-informacion electrodomesticos hello-world home ifs-pureclad imprimadores-en-polvo maquiladores mercado-arquitectonico politica-de-privacidad polvo-antigrafiti polvo-antimicrobiano polvo-de-fluoropolimero-feve polvo-de-poliester-estandar polvo-disipadores-de-electricidad-estatica-esd polvo-epoxi polvo-hibrido polvos-de-poliester-superduraderos polvos-termoplasticos-ifs-puroplaz recubrimientos-en-polvo-aprobados-por-nsf repintado-de-automoviles trailers-2 ul-polvo valores-de-la-mision varillas-de-refuerzo
/wp-content/uploads/2023/04/mexico-flag-300x172.png,media,aplicaciones-industriales-generales clave-de-codigo-de-producto colors condiciones-de-uso conocenos contactenos descargar-informacion electrodomesticos hello-world home ifs-pureclad imprimadores-en-polvo maquiladores mercado-arquitectonico politica-de-privacidad polvo-antigrafiti polvo-antimicrobiano polvo-de-fluoropolimero-feve polvo-de-poliester-estandar polvo-disipadores-de-electricidad-estatica-esd polvo-epoxi polvo-hibrido polvos-de-poliester-superduraderos polvos-termoplasticos-ifs-puroplaz recubrimientos-en-polvo-aprobados-por-nsf repintado-de-automoviles trailers-2 ul-polvo valores-de-la-mision varillas-de-refuerzo
/wp-content/uploads/2023/04/logo-semi-circle-blur.png,media,aplicaciones-industriales-generales clave-de-codigo-de-producto colors condiciones-de-uso conocenos contactenos descargar-informacion electrodomesticos hello-world home ifs-pureclad imprimadores-en-polvo maquiladores mercado-arquitectonico politica-de-privacidad polvo-antigrafiti polvo-antimicrobiano polvo-de-fluoropolimero-feve polvo-de-poliester-estandar polvo-disipadores-de-electricidad-estatica-esd polvo-epoxi polvo-hibrido polvos-de-poliester-superduraderos polvos-termoplasticos-ifs-puroplaz recubrimientos-en-polvo-aprobados-por-nsf repintado-de-automoviles trailers-2 ul-polvo valores-de-la-mision varillas-de-refuerzo
/wp-content/uploads/2023/04/logo-semi-circle-blur-300x300.png,media,aplicaciones-industriales-generales clave-de-codigo-de-producto colors condiciones-de-uso conocenos contactenos descargar-informacion electrodomesticos hello-world home ifs-pureclad imprimadores-en-polvo maquiladores mercado-arquitectonico politica-de-privacidad polvo-antigrafiti polvo-antimicrobiano polvo-de-fluoropolimero-feve polvo-de-poliester-estandar polvo-disipadores-de-electricidad-estatica-esd polvo-epoxi polvo-hibrido polvos-de-poliester-superduraderos polvos-termoplasticos-ifs-puroplaz recubrimientos-en-polvo-aprobados-por-nsf repintado-de-automoviles trailers-2 ul-polvo valores-de-la-mision varillas-de-refuerzo
/wp-content/uploads/2023/04/logo-semi-circle-blur-150x150.png,media,aplicaciones-industriales-generales clave-de-codigo-de-producto colors condiciones-de-uso conocenos contactenos descargar-informacion electrodomesticos hello-world home ifs-pureclad imprimadores-en-polvo maquiladores mercado-arquitectonico politica-de-privacidad polvo-antigrafiti polvo-antimicrobiano polvo-de-fluoropolimero-feve polvo-de-poliester-estandar polvo-disipadores-de-electricidad-estatica-esd polvo-epoxi polvo-hibrido polvos-de-poliester-superduraderos polvos-termoplasticos-ifs-puroplaz recubrimientos-en-polvo-aprobados-por-nsf repintado-de-automoviles trailers-2 ul-polvo valores-de-la-mision varillas-de-refuerzo
/wp-content/uploads/2023/04/logo-semi-circle-blur-768x768.png,media,aplicaciones-industriales-generales clave-de-codigo-de-producto colors condiciones-de-uso conocenos contactenos descargar-informacion electrodomesticos hello-world home ifs-pureclad imprimadores-en-polvo maquiladores mercado-arquitectonico politica-de-privacidad polvo-antigrafiti polvo-antimicrobiano polvo-de-fluoropolimero-feve polvo-de-poliester-estandar polvo-disipadores-de-electricidad-estatica-esd polvo-epoxi polvo-hibrido polvos-de-poliester-superduraderos polvos-termoplasticos-ifs-puroplaz recubrimientos-en-polvo-aprobados-por-nsf repintado-de-automoviles trailers-2 ul-polvo valores-de-la-mision varillas-de-refuerzo
/wp-content/uploads/2023/04/General-metals.jpg,media,aplicaciones-industriales-generales
/wp-content/uploads/2024/05/Product_ID_table.png,media,clave-de-codigo-de-producto
/wp-content/uploads/2024/05/Product_ID_table-300x225.png,media,clave-de-codigo-de-producto
/wp-content/uploads/2024/05/Product_ID_table-1024x768.png,media,clave-de-codigo-de-producto
/wp-content/uploads/2024/05/Product_ID_table-768x576.png,media,clave-de-codigo-de-producto
/wp-content/uploads/2024/05/Product_ID_table-1536x1152.png,media,clave-de-codigo-de-producto
/wp-content/uploads/2023/05/RAL-1000-600x600-1.png,media,colors
/wp-content/uploads/2023/05/RAL-1000-600x600-1-300x300.png,media,colors
/wp-content/uploads/2023/05/RAL-1000-600x600-1-1024x1024.png,media,colors
/wp-content/uploads/2023/05/RAL-1000-600x600-1-150x150.png,media,colors
/wp-content/uploads/2023/05/RAL-1000-600x600-1-768x768.png,media,colors
/wp-content/uploads/2023/05/RAL-1001-600x600-1.png,media,colors
/wp-content/uploads/2023/05/RAL-1001-600x600-1-300x300.png,media,colors
/wp-content/uploads/2023/05/RAL-1001-600x600-1-1024x1024.png,media,colors
/wp-content/uploads/2023/05/RAL-1001-600x600-1-150x150.png,media,colors
/wp-content/uploads/2023/05/RAL-1001-600x600-1-768x768.png,media,colors
/wp-content/uploads/2023/05/RAL-1002-600x600-1.png,media,colors
/wp-content/uploads/2023/05/RAL-1002-600x600-1-300x300.png,media,colors
/wp-content/uploads/2023/05/RAL-1002-600x600-1-1024x1024.png,media,colors
/wp-content/uploads/2023/05/RAL-1002-600x600-1-150x150.png,media,colors
/wp-content/uploads/2023/05/RAL-1002-600x600-1-768x768.png,media,colors
/wp-content/uploads/2023/05/RAL-1003-600x600-1.png,media,colors
/wp-content/uploads/2023/05/RAL-1003-600x600-1-300x300.png,media,colors
/wp-content/uploads/2023/05/RAL-1003-600x600-1-1024x1024.png,media,colors
/wp-content/uploads/2023/05/RAL-1003-600x600-1-150x150.png,media,colors
/wp-content/uploads/2023/05/RAL-1003-600x600-1-768x768.png,media,colors
/wp-content/uploads/2023/05/RAL-1004-600x600-1.png,media,colors
/wp-content/uploads/2023/05/RAL-1004-600x600-1-300x300.png,media,colors
/wp-content/uploads/2023/05/RAL-1004-600x600-1-1024x1024.png,media,colors
/wp-content/uploads/2023/05/RAL-1004-600x600-1-150x150.png,media,colors
/wp-content/uploads/2023/05/RAL-1004-600x600-1-768x768.png,media,colors
/wp-content/uploads/2023/05/RAL-1005-600x600-1.png,media,colors
/wp-content/uploads/2023/05/RAL-1005-600x600-1-300x300.png,media,colors
/wp-content/uploads/2023/05/RAL-1005-600x600-1-1024x1024.png,media,colors
/wp-content/uploads/2023/05/RAL-1005-600x600-1-150x150.png,media,colors
/wp-content/uploads/2023/05/RAL-1005-600x600-1-768x768.png,media,colors
/wp-content/uploads/2023/05/RAL-1006-600x600-1.png,media,colors
/wp-content/uploads/2023/05/RAL-1006-600x600-1-300x300.png,media,colors
/wp-content/uploads/2023/05/RAL-1006-600x600-1-1024x1024.png,media,colors
/wp-content/uploads/2023/05/RAL-1006-600x600-1-150x150.png,media,colors
/wp-content/uploads/2023/05/RAL-1006-600x600-1-768x768.png,media,colors
/wp-content/uploads/2023/05/RAL-1007-600x600-1.png,media,colors
/wp-content/uploads/2023/05/RAL-1007-600x600-1-300x300.png,media,colors
/wp-content/uploads/2023/05/RAL-1007-600x600-1-1024x1024.png,media,colors
/wp-content/uploads/2023/05/RAL-1007-600x600-1-150x150.png,media,colors
/wp-content/uploads/2023/05/RAL-1007-600x600-1-768x768.png,media,colors
/wp-content/uploads/2023/05/RAL-1011-600x600-1.png,media,colors
/wp-content/uploads/2023/05/RAL-1011-600x600-1-300x300.png,media,colors
/wp-content/uploads/2023/05/RAL-1011-600x600-1-1024x1024.png,media,colors
/wp-content/uploads/2023/05/RAL-1011-600x600-1-150x150.png,media,colors
/wp-content/uploads/2023/05/RAL-1011-600x600-1-768x768.png,media,colors
/wp-content/uploads/2023/05/RAL-1012-600x600-1.png,media,colors
/wp-content/uploads/2023/05/RAL-1012-600x600-1-300x300.png,media,colors
/wp-content/uploads/2023/05/RAL-1012-600x600-1-1024x1024.png,media,colors
/wp-content/uploads/2023/05/RAL-1012-600x600-1-150x150.png,media,colors
/wp-content/uploads/2023/05/RAL-1012-600x600-1-768x768.png,media,colors
/wp-content/uploads/2023/05/RAL-1013-600x600-1.png,media,colors
/wp-content/uploads/2023/05/RAL-1013-600x600-1-300x300.png,media,colors
/wp-content/uploads/2023/05/RAL-1013-600x600-1-1024x1024.png,media,colors
/wp-content/uploads/2023/05/RAL-1013-600x600-1-150x150.png,media,colors
/wp-content/uploads/2023/05/RAL-1013-600x600-1-768x768.png,media,colors
/wp-content/uploads/2023/05/RAL-1014-600x600-1.png,media,colors
/wp-content/uploads/2023/05/RAL-1014-600x600-1-300x300.png,media,colors
/wp-content/uploads/2023/05/RAL-1014-600x600-1-1024x1024.png,media,colors
/wp-content/uploads/2023/05/RAL-1014-600x600-1-150x150.png,media,colors
/wp-content/uploads/2023/05/RAL-1014-600x600-1-768x768.png,media,colors
/wp-content/uploads/2023/05/RAL-1015-600x600-1.png,media,colors
/wp-content/uploads/2023/05/RAL-1015-600x600-1-300x300.png,media,colors
/wp-content/uploads/2023/05/RAL-1015-600x600-1-1024x1024.png,media,colors
/wp-content/uploads/2023/05/RAL-1015-600x600-1-150x150.png,media,colors
/wp-content/uploads/2023/05/RAL-1015-600x600-1-768x768.png,media,colors
/wp-content/uploads/2023/05/RAL-1016-600x600-1.png,media,colors
/wp-content/uploads/2023/05/RAL-1016-600x600-1-300x300.png,media,colors
/wp-content/uploads/2023/05/RAL-1016-600x600-1-1024x1024.png,media,colors
/wp-content/uploads/2023/05/RAL-1016-600x600-1-150x150.png,media,colors
/wp-content/uploads/2023/05/RAL-1016-600x600-1-768x768.png,media,colors
/wp-content/uploads/2023/05/RAL-1017-600x600-1.png,media,colors
/wp-content/uploads/2023/05/RAL-1017-600x600-1-300x300.png,media,colors
/wp-content/uploads/2023/05/RAL-1017-600x600-1-1024x1024.png,media,colors
/wp-content/uploads/2023/05/RAL-1017-600x600-1-150x150.png,media,colors
/wp-content/uploads/2023/05/RAL-1017-600x600-1-768x768.png,media,colors
/wp-content/uploads/2023/05/RAL-1018-600x600-1.png,media,colors
/wp-content/uploads/2023/05/RAL-1018-600x600-1-300x300.png,media,colors
/wp-content/uploads/2023/05/RAL-1018-600x600-1-1024x1024.png,media,colors
/wp-content/uploads/2023/05/RAL-1018-600x600-1-150x150.png,media,colors
/wp-content/uploads/2023/05/RAL-1018-600x600-1-768x768.png,media,colors
/wp-content/uploads/2023/05/RAL-1019-600x600-1.png,media,colors
/wp-content/uploads/2023/05/RAL-1019-600x600-1-300x300.png,media,colors
/wp-content/uploads/2023/05/RAL-1019-600x600-1-1024x1024.png,media,colors
/wp-content/uploads/2023/05/RAL-1019-600x600-1-150x150.png,media,colors
/wp-content/uploads/2023/05/RAL-1019-600x600-1-768x768.png,media,colors
/wp-content/uploads/2023/05/RAL-1020-600x600-1.png,media,colors
/wp-content/uploads/2023/05/RAL-1020-600x600-1-300x300.png,media,colors
/wp-content/uploads/2023/05/RAL-1020-600x600-1-1024x1024.png,media,colors
/wp-content/uploads/2023/05/RAL-1020-600x600-1-150x150.png,media,colors
/wp-content/uploads/2023/05/RAL-1020-600x600-1-768x768.png,media,colors
/wp-content/uploads/2023/05/RAL-1021-600x600-1.png,media,colors
/wp-content/uploads/2023/05/RAL-1021-600x600-1-300x300.png,media,colors
/wp-content/uploads/2023/05/RAL-1021-600x600-1-1024x1024.png,media,colors
/wp-content/uploads/2023/05/RAL-1021-600x600-1-150x150.png,media,colors
/wp-content/uploads/2023/05/RAL-1021-600x600-1-768x768.png,media,colors
/wp-content/uploads/2023/05/RAL-1023-600x600-1.png,media,colors
/wp-content/uploads/2023/05/RAL-1023-600x600-1-300x300.png,media,colors
/wp-content/uploads/2023/05/RAL-1023-600x600-1-1024x1024.png,media,colors
/wp-content/uploads/2023/05/RAL-1023-600x600-1-150x150.png,media,colors
/wp-content/uploads/2023/05/RAL-1023-600x600-1-768x768.png,media,colors
/wp-content/uploads/2023/05/RAL-1024-600x600-1.png,media,colors
/wp-content/uploads/2023/05/RAL-1024-600x600-1-300x300.png,media,colors
/wp-content/uploads/2023/05/RAL-1024-600x600-1-1024x1024.png,media,colors
/wp-content/uploads/2023/05/RAL-1024-600x600-1-150x150.png,media,colors
/wp-content/uploads/2023/05/RAL-1024-600x600-1-768x768.png,media,colors
/wp-content/uploads/2023/05/RAL-1027-600x600-1.png,media,colors
/wp-content/uploads/2023/05/RAL-1027-600x600-1-300x300.png,media,colors
/wp-content/uploads/2023/05/RAL-1027-600x600-1-1024x1024.png,media,colors
/wp-content/uploads/2023/05/RAL-1027-600x600-1-150x150.png,media,colors
/wp-content/uploads/2023/05/RAL-1027-600x600-1-768x768.png,media,colors
/wp-content/uploads/2023/05/RAL-1028-600x600-1.png,media,colors
/wp-content/uploads/2023/05/RAL-1028-600x600-1-300x300.png,media,colors
/wp-content/uploads/2023/05/RAL-1028-600x600-1-1024x1024.png,media,colors
/wp-content/uploads/2023/05/RAL-1028-600x600-1-150x150.png,media,colors
/wp-content/uploads/2023/05/RAL-1028-600x600-1-768x768.png,media,colors
/wp-content/uploads/2023/05/RAL-1032-600x600-1.png,media,colors
/wp-content/uploads/2023/05/RAL-1032-600x600-1-300x300.png,media,colors
/wp-content/uploads/2023/05/RAL-1032-600x600-1-1024x1024.png,media,colors
/wp-content/uploads/2023/05/RAL-1032-600x600-1-150x150.png,media,colors
/wp-content/uploads/2023/05/RAL-1032-600x600-1-768x768.png,media,colors
/wp-content/uploads/2023/05/RAL-1033-600x600-1.png,media,colors
/wp-content/uploads/2023/05/RAL-1033-600x600-1-300x300.png,media,colors
/wp-content/uploads/2023/05/RAL-1033-600x600-1-1024x1024.png,media,colors
/wp-content/uploads/2023/05/RAL-1033-600x600-1-150x150.png,media,colors
/wp-content/uploads/2023/05/RAL-1033-600x600-1-768x768.png,media,colors
/wp-content/uploads/2023/05/RAL-1034-600x600-1.png,media,colors
/wp-content/uploads/2023/05/RAL-1034-600x600-1-300x300.png,media,colors
/wp-content/uploads/2023/05/RAL-1034-600x600-1-1024x1024.png,media,colors
/wp-content/uploads/2023/05/RAL-1034-600x600-1-150x150.png,media,colors
/wp-content/uploads/2023/05/RAL-1034-600x600-1-768x768.png,media,colors
/wp-content/uploads/2023/05/RAL-1037-600x600-1.png,media,colors
/wp-content/uploads/2023/05/RAL-1037-600x600-1-300x300.png,media,colors
/wp-content/uploads/2023/05/RAL-1037-600x600-1-1024x1024.png,media,colors
/wp-content/uploads/2023/05/RAL-1037-600x600-1-150x150.png,media,colors
/wp-content/uploads/2023/05/RAL-1037-600x600-1-768x768.png,media,colors
/wp-content/uploads/2023/05/RAL-2000-600x600-1.png,media,colors
/wp-content/uploads/2023/05/RAL-2000-600x600-1-300x300.png,media,colors
/wp-content/uploads/2023/05/RAL-2000-600x600-1-1024x1024.png,media,colors
/wp-content/uploads/2023/05/RAL-2000-600x600-1-150x150.png,media,colors
/wp-content/uploads/2023/05/RAL-2000-600x600-1-768x768.png,media,colors
/wp-content/uploads/2023/05/RAL-2001-600x600-1.png,media,colors
/wp-content/uploads/2023/05/RAL-2001-600x600-1-300x300.png,media,colors
/wp-content/uploads/2023/05/RAL-2001-600x600-1-1024x1024.png,media,colors
/wp-content/uploads/2023/05/RAL-2001-600x600-1-150x150.png,media,colors
/wp-content/uploads/2023/05/RAL-2001-600x600-1-768x768.png,media,colors
/wp-content/uploads/2023/05/RAL-2002-600x600-1.png,media,colors
/wp-content/uploads/2023/05/RAL-2002-600x600-1-300x300.png,media,colors
/wp-content/uploads/2023/05/RAL-2002-600x600-1-1024x1024.png,media,colors
/wp-content/uploads/2023/05/RAL-2002-600x600-1-150x150.png,media,colors
/wp-content/uploads/2023/05/RAL-2002-600x600-1-768x768.png,media,colors
/wp-content/uploads/2023/05/RAL-2003-600x600-1.png,media,colors
/wp-content/uploads/2023/05/RAL-2003-600x600-1-300x300.png,media,colors
/wp-content/uploads/2023/05/RAL-2003-600x600-1-1024x1024.png,media,colors
/wp-content/uploads/2023/05/RAL-2003-600x600-1-150x150.png,media,colors
/wp-content/uploads/2023/05/RAL-2003-600x600-1-768x768.png,media,colors
/wp-content/uploads/2023/05/RAL-2004-600x600-1.png,media,colors
/wp-content/uploads/2023/05/RAL-2004-600x600-1-300x300.png,media,colors
/wp-content/uploads/2023/05/RAL-2004-600x600-1-1024x1024.png,media,colors
/wp-content/uploads/2023/05/RAL-2004-600x600-1-150x150.png,media,colors
/wp-content/uploads/2023/05/RAL-2004-600x600-1-768x768.png,media,colors
/wp-content/uploads/2023/05/RAL-2008-600x600-1.png,media,colors
/wp-content/uploads/2023/05/RAL-2008-600x600-1-300x300.png,media,colors
/wp-content/uploads/2023/05/RAL-2008-600x600-1-1024x1024.png,media,colors
/wp-content/uploads/2023/05/RAL-2008-600x600-1-150x150.png,media,colors
/wp-content/uploads/2023/05/RAL-2008-600x600-1-768x768.png,media,colors
/wp-content/uploads/2023/05/RAL-2009-600x600-1.png,media,colors
/wp-content/uploads/2023/05/RAL-2009-600x600-1-300x300.png,media,colors
/wp-content/uploads/2023/05/RAL-2009-600x600-1-1024x1024.png,media,colors
/wp-content/uploads/2023/05/RAL-2009-600x600-1-150x150.png,media,colors
/wp-content/uploads/2023/05/RAL-2009-600x600-1-768x768.png,media,colors
/wp-content/uploads/2023/05/RAL-2010-600x600-1.png,media,colors
/wp-content/uploads/2023/05/RAL-2010-600x600-1-300x300.png,media,colors
/wp-content/uploads/2023/05/RAL-2010-600x600-1-1024x1024.png,media,colors
/wp-content/uploads/2023/05/RAL-2010-600x600-1-150x150.png,media,colors
/wp-content/uploads/2023/05/RAL-2010-600x600-1-768x768.png,media,colors
/wp-content/uploads/2023/05/RAL-2011-600x600-1.png,media,colors
/wp-content/uploads/2023/05/RAL-2011-600x600-1-300x300.png,media,colors
/wp-content/uploads/2023/05/RAL-2011-600x600-1-1024x1024.png,media,colors
/wp-content/uploads/2023/05/RAL-2011-600x600-1-150x150.png,media,colors
/wp-content/uploads/2023/05/RAL-2011-600x600-1-768x768.png,media,colors
/wp-content/uploads/2023/05/RAL-2012-600x600-1.png,media,colors
/wp-content/uploads/2023/05/RAL-2012-600x600-1-300x300.png,media,colors
/wp-content/uploads/2023/05/RAL-2012-600x600-1-1024x1024.png,media,colors
/wp-content/uploads/2023/05/RAL-2012-600x600-1-150x150.png,media,colors
/wp-content/uploads/2023/05/RAL-2012-600x600-1-768x768.png,media,colors
/wp-content/uploads/2023/05/RAL-3000-600x600-1.png,media,colors
/wp-content/uploads/2023/05/RAL-3000-600x600-1-300x300.png,media,colors
/wp-content/uploads/2023/05/RAL-3000-600x600-1-1024x1024.png,media,colors
/wp-content/uploads/2023/05/RAL-3000-600x600-1-150x150.png,media,colors
/wp-content/uploads/2023/05/RAL-3000-600x600-1-768x768.png,media,colors
/wp-content/uploads/2023/05/RAL-3001-600x600-1.png,media,colors
/wp-content/uploads/2023/05/RAL-3001-600x600-1-300x300.png,media,colors
/wp-content/uploads/2023/05/RAL-3001-600x600-1-1024x1024.png,media,colors
/wp-content/uploads/2023/05/RAL-3001-600x600-1-150x150.png,media,colors
/wp-content/uploads/2023/05/RAL-3001-600x600-1-768x768.png,media,colors
/wp-content/uploads/2023/05/RAL-3002-600x600-1.png,media,colors
/wp-content/uploads/2023/05/RAL-3002-600x600-1-300x300.png,media,colors
/wp-content/uploads/2023/05/RAL-3002-600x600-1-1024x1024.png,media,colors
/wp-content/uploads/2023/05/RAL-3002-600x600-1-150x150.png,media,colors
/wp-content/uploads/2023/05/RAL-3002-600x600-1-768x768.png,media,colors
/wp-content/uploads/2023/05/RAL-3003-600x600-1.png,media,colors
/wp-content/uploads/2023/05/RAL-3003-600x600-1-300x300.png,media,colors
/wp-content/uploads/2023/05/RAL-3003-600x600-1-1024x1024.png,media,colors
/wp-content/uploads/2023/05/RAL-3003-600x600-1-150x150.png,media,colors
/wp-content/uploads/2023/05/RAL-3003-600x600-1-768x768.png,media,colors
/wp-content/uploads/2023/05/RAL-3004-600x600-1.png,media,colors
/wp-content/uploads/2023/05/RAL-3004-600x600-1-300x300.png,media,colors
/wp-content/uploads/2023/05/RAL-3004-600x600-1-1024x1024.png,media,colors
/wp-content/uploads/2023/05/RAL-3004-600x600-1-150x150.png,media,colors
/wp-content/uploads/2023/05/RAL-3004-600x600-1-768x768.png,media,colors
/wp-content/uploads/2023/05/RAL-3005-600x600-1.png,media,colors
/wp-content/uploads/2023/05/RAL-3005-600x600-1-300x300.png,media,colors
/wp-content/uploads/2023/05/RAL-3005-600x600-1-1024x1024.png,media,colors
/wp-content/uploads/2023/05/RAL-3005-600x600-1-150x150.png,media,colors
/wp-content/uploads/2023/05/RAL-3005-600x600-1-768x768.png,media,colors
/wp-content/uploads/2023/05/RAL-3007-600x600-1.png,media,colors
/wp-content/uploads/2023/05/RAL-3007-600x600-1-300x300.png,media,colors
/wp-content/uploads/2023/05/RAL-3007-600x600-1-1024x1024.png,media,colors
/wp-content/uploads/2023/05/RAL-3007-600x600-1-150x150.png,media,colors
/wp-content/uploads/2023/05/RAL-3007-600x600-1-768x768.png,media,colors
/wp-content/uploads/2023/05/RAL-3009-600x600-1.png,media,colors
/wp-content/uploads/2023/05/RAL-3009-600x600-1-300x300.png,media,colors
/wp-content/uploads/2023/05/RAL-3009-600x600-1-1024x1024.png,media,colors
/wp-content/uploads/2023/05/RAL-3009-600x600-1-150x150.png,media,colors
/wp-content/uploads/2023/05/RAL-3009-600x600-1-768x768.png,media,colors
/wp-content/uploads/2023/05/RAL-3011-600x600-1.png,media,colors
/wp-content/uploads/2023/05/RAL-3011-600x600-1-300x300.png,media,colors
/wp-content/uploads/2023/05/RAL-3011-600x600-1-1024x1024.png,media,colors
/wp-content/uploads/2023/05/RAL-3011-600x600-1-150x150.png,media,colors
/wp-content/uploads/2023/05/RAL-3011-600x600-1-768x768.png,media,colors
/wp-content/uploads/2023/05/RAL-3012-600x600-1.png,media,colors
/wp-content/uploads/2023/05/RAL-3012-600x600-1-300x300.png,media,colors
/wp-content/uploads/2023/05/RAL-3012-600x600-1-1024x1024.png,media,colors
/wp-content/uploads/2023/05/RAL-3012-600x600-1-150x150.png,media,colors
/wp-content/uploads/2023/05/RAL-3012-600x600-1-768x768.png,media,colors
/wp-content/uploads/2023/05/RAL-3013-600x600-1.png,media,colors
/wp-content/uploads/2023/05/RAL-3013-600x600-1-300x300.png,media,colors
/wp-content/uploads/2023/05/RAL-3013-600x600-1-1024x1024.png,media,colors
/wp-content/uploads/2023/05/RAL-3013-600x600-1-150x150.png,media,colors
/wp-content/uploads/2023/05/RAL-3013-600x600-1-768x768.png,media,colors
/wp-content/uploads/2023/05/RAL-3014-600x600-1.png,media,colors
/wp-content/uploads/2023/05/RAL-3014-600x600-1-300x300.png,media,colors
/wp-content/uploads/2023/05/RAL-3014-600x600-1-1024x1024.png,media,colors
/wp-content/uploads/2023/05/RAL-3014-600x600-1-150x150.png,media,colors
/wp-content/uploads/2023/05/RAL-3014-600x600-1-768x768.png,media,colors
/wp-content/uploads/2023/05/RAL-3015-600x600-1.png,media,colors
/wp-content/uploads/2023/05/RAL-3015-600x600-1-300x300.png,media,colors
/wp-content/uploads/2023/05/RAL-3015-600x600-1-1024x1024.png,media,colors
/wp-content/uploads/2023/05/RAL-3015-600x600-1-150x150.png,media,colors
/wp-content/uploads/2023/05/RAL-3015-600x600-1-768x768.png,media,colors
/wp-content/uploads/2023/05/RAL-3016-600x600-1.png,media,colors
/wp-content/uploads/2023/05/RAL-3016-600x600-1-300x300.png,media,colors
/wp-content/uploads/2023/05/RAL-3016-600x600-1-1024x1024.png,media,colors
/wp-content/uploads/2023/05/RAL-3016-600x600-1-150x150.png,media,colors
/wp-content/uploads/2023/05/RAL-3016-600x600-1-768x768.png,media,colors
/wp-content/uploads/2023/05/RAL-3017-600x600-1.png,media,colors
/wp-content/uploads/2023/05/RAL-3017-600x600-1-300x300.png,media,colors
/wp-content/uploads/2023/05/RAL-3017-600x600-1-1024x1024.png,media,colors
/wp-content/uploads/2023/05/RAL-3017-600x600-1-150x150.png,media,colors
/wp-content/uploads/2023/05/RAL-3017-600x600-1-768x768.png,media,colors
/wp-content/uploads/2023/05/RAL-3018-600x600-1.png,media,colors
/wp-content/uploads/2023/05/RAL-3018-600x600-1-300x300.png,media,colors
/wp-content/uploads/2023/05/RAL-3018-600x600-1-1024x1024.png,media,colors
/wp-content/uploads/2023/05/RAL-3018-600x600-1-150x150.png,media,colors
/wp-content/uploads/2023/05/RAL-3018-600x600-1-768x768.png,media,colors
/wp-content/uploads/2023/05/RAL-3020-600x600-1.png,media,colors
/wp-content/uploads/2023/05/RAL-3020-600x600-1-300x300.png,media,colors
/wp-content/uploads/2023/05/RAL-3020-600x600-1-1024x1024.png,media,colors
/wp-content/uploads/2023/05/RAL-3020-600x600-1-150x150.png,media,colors
/wp-content/uploads/2023/05/RAL-3020-600x600-1-768x768.png,media,colors
/wp-content/uploads/2023/05/RAL-3022-600x600-1.png,media,colors
/wp-content/uploads/2023/05/RAL-3022-600x600-1-300x300.png,media,colors
/wp-content/uploads/2023/05/RAL-3022-600x600-1-1024x1024.png,media,colors
/wp-content/uploads/2023/05/RAL-3022-600x600-1-150x150.png,media,colors
/wp-content/uploads/2023/05/RAL-3022-600x600-1-768x768.png,media,colors
/wp-content/uploads/2023/05/RAL-3027-600x600-1.png,media,colors
/wp-content/uploads/2023/05/RAL-3027-600x600-1-300x300.png,media,colors
/wp-content/uploads/2023/05/RAL-3027-600x600-1-1024x1024.png,media,colors
/wp-content/uploads/2023/05/RAL-3027-600x600-1-150x150.png,media,colors
/wp-content/uploads/2023/05/RAL-3027-600x600-1-768x768.png,media,colors
/wp-content/uploads/2023/05/RAL-3031-600x600-1.png,media,colors
/wp-content/uploads/2023/05/RAL-3031-600x600-1-300x300.png,media,colors
/wp-content/uploads/2023/05/RAL-3031-600x600-1-1024x1024.png,media,colors
/wp-content/uploads/2023/05/RAL-3031-600x600-1-150x150.png,media,colors
/wp-content/uploads/2023/05/RAL-3031-600x600-1-768x768.png,media,colors
/wp-content/uploads/2023/05/RAL-4001-600x600-1.png,media,colors
/wp-content/uploads/2023/05/RAL-4001-600x600-1-300x300.png,media,colors
/wp-content/uploads/2023/05/RAL-4001-600x600-1-1024x1024.png,media,colors
/wp-content/uploads/2023/05/RAL-4001-600x600-1-150x150.png,media,colors
/wp-content/uploads/2023/05/RAL-4001-600x600-1-768x768.png,media,colors
/wp-content/uploads/2023/05/RAL-4002-600x600-1.png,media,colors
/wp-content/uploads/2023/05/RAL-4002-600x600-1-300x300.png,media,colors
/wp-content/uploads/2023/05/RAL-4002-600x600-1-1024x1024.png,media,colors
/wp-content/uploads/2023/05/RAL-4002-600x600-1-150x150.png,media,colors
/wp-content/uploads/2023/05/RAL-4002-600x600-1-768x768.png,media,colors
/wp-content/uploads/2023/05/RAL-4003-600x600-1.png,media,colors
/wp-content/uploads/2023/05/RAL-4003-600x600-1-300x300.png,media,colors
/wp-content/uploads/2023/05/RAL-4003-600x600-1-1024x1024.png,media,colors
/wp-content/uploads/2023/05/RAL-4003-600x600-1-150x150.png,media,colors
/wp-content/uploads/2023/05/RAL-4003-600x600-1-768x768.png,media,colors
/wp-content/uploads/2023/05/RAL-4004-600x600-1.png,media,colors
/wp-content/uploads/2023/05/RAL-4004-600x600-1-300x300.png,media,colors
/wp-content/uploads/2023/05/RAL-4004-600x600-1-1024x1024.png,media,colors
/wp-content/uploads/2023/05/RAL-4004-600x600-1-150x150.png,media,colors
/wp-content/uploads/2023/05/RAL-4004-600x600-1-768x768.png,media,colors
/wp-content/uploads/2023/05/RAL-4005-600x600-1.png,media,colors
/wp-content/uploads/2023/05/RAL-4005-600x600-1-300x300.png,media,colors
/wp-content/uploads/2023/05/RAL-4005-600x600-1-1024x1024.png,media,colors
/wp-content/uploads/2023/05/RAL-4005-600x600-1-150x150.png,media,colors
/wp-content/uploads/2023/05/RAL-4005-600x600-1-768x768.png,media,colors
/wp-content/uploads/2023/05/RAL-4006-600x600-1.png,media,colors
/wp-content/uploads/2023/05/RAL-4006-600x600-1-300x300.png,media,colors
/wp-content/uploads/2023/05/RAL-4006-600x600-1-1024x1024.png,media,colors
/wp-content/uploads/2023/05/RAL-4006-600x600-1-150x150.png,media,colors
/wp-content/uploads/2023/05/RAL-4006-600x600-1-768x768.png,media,colors
/wp-content/uploads/2023/05/RAL-4007-600x600-1.png,media,colors
/wp-content/uploads/2023/05/RAL-4007-600x600-1-300x300.png,media,colors
/wp-content/uploads/2023/05/RAL-4007-600x600-1-1024x1024.png,media,colors
/wp-content/uploads/2023/05/RAL-4007-600x600-1-150x150.png,media,colors
/wp-content/uploads/2023/05/RAL-4007-600x600-1-768x768.png,media,colors
/wp-content/uploads/2023/05/RAL-4008-600x600-1.png,media,colors
/wp-content/uploads/2023/05/RAL-4008-600x600-1-300x300.png,media,colors
/wp-content/uploads/2023/05/RAL-4008-600x600-1-1024x1024.png,media,colors
/wp-content/uploads/2023/05/RAL-4008-600x600-1-150x150.png,media,colors
/wp-content/uploads/2023/05/RAL-4008-600x600-1-768x768.png,media,colors
/wp-content/uploads/2023/05/RAL-4009-600x600-1.png,media,colors
/wp-content/uploads/2023/05/RAL-4009-600x600-1-300x300.png,media,colors
/wp-content/uploads/2023/05/RAL-4009-600x600-1-1024x1024.png,media,colors
/wp-content/uploads/2023/05/RAL-4009-600x600-1-150x150.png,media,colors
/wp-content/uploads/2023/05/RAL-4009-600x600-1-768x768.png,media,colors
/wp-content/uploads/2023/05/RAL-4010-600x600-1.png,media,colors
/wp-content/uploads/2023/05/RAL-4010-600x600-1-300x300.png,media,colors
/wp-content/uploads/2023/05/RAL-4010-600x600-1-1024x1024.png,media,colors
/wp-content/uploads/2023/05/RAL-4010-600x600-1-150x150.png,media,colors
/wp-content/uploads/2023/05/RAL-4010-600x600-1-768x768.png,media,colors
/wp-content/uploads/2023/05/RAL-5000-600x600-1.png,media,colors
/wp-content/uploads/2023/05/RAL-5000-600x600-1-300x300.png,media,colors
/wp-content/uploads/2023/05/RAL-5000-600x600-1-1024x1024.png,media,colors
/wp-content/uploads/2023/05/RAL-5000-600x600-1-150x150.png,media,colors
/wp-content/uploads/2023/05/RAL-5000-600x600-1-768x768.png,media,colors
/wp-content/uploads/2023/05/RAL-5001-600x600-1.png,media,colors
/wp-content/uploads/2023/05/RAL-5001-600x600-1-300x300.png,media,colors
/wp-content/uploads/2023/05/RAL-5001-600x600-1-1024x1024.png,media,colors
/wp-content/uploads/2023/05/RAL-5001-600x600-1-150x150.png,media,colors
/wp-content/uploads/2023/05/RAL-5001-600x600-1-768x768.png,media,colors
/wp-content/uploads/2023/05/RAL-5002-600x600-1.png,media,colors
/wp-content/uploads/2023/05/RAL-5002-600x600-1-300x300.png,media,colors
/wp-content/uploads/2023/05/RAL-5002-600x600-1-1024x1024.png,media,colors
/wp-content/uploads/2023/05/RAL-5002-600x600-1-150x150.png,media,colors
/wp-content/uploads/2023/05/RAL-5002-600x600-1-768x768.png,media,colors
/wp-content/uploads/2023/05/RAL-5003-600x600-1.png,media,colors
/wp-content/uploads/2023/05/RAL-5003-600x600-1-300x300.png,media,colors
/wp-content/uploads/2023/05/RAL-5003-600x600-1-1024x1024.png,media,colors
/wp-content/uploads/2023/05/RAL-5003-600x600-1-150x150.png,media,colors
/wp-content/uploads/2023/05/RAL-5003-600x600-1-768x768.png,media,colors
/wp-content/uploads/2023/05/RAL-5004-600x600-1.png,media,colors
/wp-content/uploads/2023/05/RAL-5004-600x600-1-300x300.png,media,colors
/wp-content/uploads/2023/05/RAL-5004-600x600-1-1024x1024.png,media,colors
/wp-content/uploads/2023/05/RAL-5004-600x600-1-150x150.png,media,colors
/wp-content/uploads/2023/05/RAL-5004-600x600-1-768x768.png,media,colors
/wp-content/uploads/2023/05/RAL-5005-600x600-1.png,media,colors
/wp-content/uploads/2023/05/RAL-5005-600x600-1-300x300.png,media,colors
/wp-content/uploads/2023/05/RAL-5005-600x600-1-1024x1024.png,media,colors
/wp-content/uploads/2023/05/RAL-5005-600x600-1-150x150.png,media,colors
/wp-content/uploads/2023/05/RAL-5005-600x600-1-768x768.png,media,colors
/wp-content/uploads/2023/05/RAL-5007-600x600-1.png,media,colors
/wp-content/uploads/2023/05/RAL-5007-600x600-1-300x300.png,media,colors
/wp-content/uploads/2023/05/RAL-5007-600x600-1-1024x1024.png,media,colors
/wp-content/uploads/2023/05/RAL-5007-600x600-1-150x150.png,media,colors
/wp-content/uploads/2023/05/RAL-5007-600x600-1-768x768.png,media,colors
/wp-content/uploads/2023/05/RAL-5008-600x600-1.png,media,colors
/wp-content/uploads/2023/05/RAL-5008-600x600-1-300x300.png,media,colors
/wp-content/uploads/2023/05/RAL-5008-600x600-1-1024x1024.png,media,colors
/wp-content/uploads/2023/05/RAL-5008-600x600-1-150x150.png,media,colors
/wp-content/uploads/2023/05/RAL-5008-600x600-1-768x768.png,media,colors
/wp-content/uploads/2023/05/RAL-5012-600x600-1.png,media,colors
/wp-content/uploads/2023/05/RAL-5012-600x600-1-300x300.png,media,colors
/wp-content/uploads/2023/05/RAL-5012-600x600-1-1024x1024.png,media,colors
/wp-content/uploads/2023/05/RAL-5012-600x600-1-150x150.png,media,colors
/wp-content/uploads/2023/05/RAL-5012-600x600-1-768x768.png,media,colors
/wp-content/uploads/2023/05/RAL-5010-600x600-1.png,media,colors
/wp-content/uploads/2023/05/RAL-5010-600x600-1-300x300.png,media,colors
/wp-content/uploads/2023/05/RAL-5010-600x600-1-1024x1024.png,media,colors
/wp-content/uploads/2023/05/RAL-5010-600x600-1-150x150.png,media,colors
/wp-content/uploads/2023/05/RAL-5010-600x600-1-768x768.png,media,colors
/wp-content/uploads/2023/05/RAL-5011-600x600-1.png,media,colors
/wp-content/uploads/2023/05/RAL-5011-600x600-1-300x300.png,media,colors
/wp-content/uploads/2023/05/RAL-5011-600x600-1-1024x1024.png,media,colors
/wp-content/uploads/2023/05/RAL-5011-600x600-1-150x150.png,media,colors
/wp-content/uploads/2023/05/RAL-5011-600x600-1-768x768.png,media,colors
/wp-content/uploads/2023/05/RAL-5013-600x600-1.png,media,colors
/wp-content/uploads/2023/05/RAL-5013-600x600-1-300x300.png,media,colors
/wp-content/uploads/2023/05/RAL-5013-600x600-1-1024x1024.png,media,colors
/wp-content/uploads/2023/05/RAL-5013-600x600-1-150x150.png,media,colors
/wp-content/uploads/2023/05/RAL-5013-600x600-1-768x768.png,media,colors
/wp-content/uploads/2023/05/RAL-5014-600x600-1.png,media,colors
/wp-content/uploads/2023/05/RAL-5014-600x600-1-300x300.png,media,colors
/wp-content/uploads/2023/05/RAL-5014-600x600-1-1024x1024.png,media,colors
/wp-content/uploads/2023/05/RAL-5014-600x600-1-150x150.png,media,colors
/wp-content/uploads/2023/05/RAL-5014-600x600-1-768x768.png,media,colors
/wp-content/uploads/2023/05/RAL-5015-600x600-1.png,media,colors
/wp-content/uploads/2023/05/RAL-5015-600x600-1-300x300.png,media,colors
/wp-content/uploads/2023/05/RAL-5015-600x600-1-1024x1024.png,media,colors
/wp-content/uploads/2023/05/RAL-5015-600x600-1-150x150.png,media,colors
/wp-content/uploads/2023/05/RAL-5015-600x600-1-768x768.png,media,colors
/wp-content/uploads/2023/05/RAL-5017-600x600-1.png,media,colors
/wp-content/uploads/2023/05/RAL-5017-600x600-1-300x300.png,media,colors
/wp-content/uploads/2023/05/RAL-5017-600x600-1-1024x1024.png,media,colors
/wp-content/uploads/2023/05/RAL-5017-600x600-1-150x150.png,media,colors
/wp-content/uploads/2023/05/RAL-5017-600x600-1-768x768.png,media,colors
/wp-content/uploads/2023/05/RAL-5018-600x600-1.png,media,colors
/wp-content/uploads/2023/05/RAL-5018-600x600-1-300x300.png,media,colors
/wp-content/uploads/2023/05/RAL-5018-600x600-1-1024x1024.png,media,colors
/wp-content/uploads/2023/05/RAL-5018-600x600-1-150x150.png,media,colors
/wp-content/uploads/2023/05/RAL-5018-600x600-1-768x768.png,media,colors
/wp-content/uploads/2023/05/RAL-5019-600x600-1.png,media,colors
/wp-content/uploads/2023/05/RAL-5019-600x600-1-300x300.png,media,colors
/wp-content/uploads/2023/05/RAL-5019-600x600-1-1024x1024.png,media,colors
/wp-content/uploads/2023/05/RAL-5019-600x600-1-150x150.png,media,colors
/wp-content/uploads/2023/05/RAL-5019-600x600-1-768x768.png,media,colors
/wp-content/uploads/2023/05/RAL-5020-600x600-1.png,media,colors
/wp-content/uploads/2023/05/RAL-5020-600x600-1-300x300.png,media,colors
/wp-content/uploads/2023/05/RAL-5020-600x600-1-1024x1024.png,media,colors
/wp-content/uploads/2023/05/RAL-5020-600x600-1-150x150.png,media,colors
/wp-content/uploads/2023/05/RAL-5020-600x600-1-768x768.png,media,colors
/wp-content/uploads/2023/05/RAL-5021-600x600-1.png,media,colors
/wp-content/uploads/2023/05/RAL-5021-600x600-1-300x300.png,media,colors
/wp-content/uploads/2023/05/RAL-5021-600x600-1-1024x1024.png,media,colors
/wp-content/uploads/2023/05/RAL-5021-600x600-1-150x150.png,media,colors
/wp-content/uploads/2023/05/RAL-5021-600x600-1-768x768.png,media,colors
/wp-content/uploads/2023/05/RAL-5022-600x600-1.png,media,colors
/wp-content/uploads/2023/05/RAL-5022-600x600-1-300x300.png,media,colors
/wp-content/uploads/2023/05/RAL-5022-600x600-1-1024x1024.png,media,colors
/wp-content/uploads/2023/05/RAL-5022-600x600-1-150x150.png,media,colors
/wp-content/uploads/2023/05/RAL-5022-600x600-1-768x768.png,media,colors
/wp-content/uploads/2023/05/RAL-5023-600x600-1.png,media,colors
/wp-content/uploads/2023/05/RAL-5023-600x600-1-300x300.png,media,colors
/wp-content/uploads/2023/05/RAL-5023-600x600-1-1024x1024.png,media,colors
/wp-content/uploads/2023/05/RAL-5023-600x600-1-150x150.png,media,colors
/wp-content/uploads/2023/05/RAL-5023-600x600-1-768x768.png,media,colors
/wp-content/uploads/2023/05/RAL-5024-600x600-1.png,media,colors
/wp-content/uploads/2023/05/RAL-5024-600x600-1-300x300.png,media,colors
/wp-content/uploads/2023/05/RAL-5024-600x600-1-1024x1024.png,media,colors
/wp-content/uploads/2023/05/RAL-5024-600x600-1-150x150.png,media,colors
/wp-content/uploads/2023/05/RAL-5024-600x600-1-768x768.png,media,colors
/wp-content/uploads/2023/05/RAL-6000-600x600-1.png,media,colors
/wp-content/uploads/2023/05/RAL-6000-600x600-1-300x300.png,media,colors
/wp-content/uploads/2023/05/RAL-6000-600x600-1-1024x1024.png,media,colors
/wp-content/uploads/2023/05/RAL-6000-600x600-1-150x150.png,media,colors
/wp-content/uploads/2023/05/RAL-6000-600x600-1-768x768.png,media,colors
/wp-content/uploads/2023/05/RAL-6001-600x600-1.png,media,colors
/wp-content/uploads/2023/05/RAL-6001-600x600-1-300x300.png,media,colors
/wp-content/uploads/2023/05/RAL-6001-600x600-1-1024x1024.png,media,colors
/wp-content/uploads/2023/05/RAL-6001-600x600-1-150x150.png,media,colors
/wp-content/uploads/2023/05/RAL-6001-600x600-1-768x768.png,media,colors
/wp-content/uploads/2023/05/RAL-6002-600x600-1.png,media,colors
/wp-content/uploads/2023/05/RAL-6002-600x600-1-300x300.png,media,colors
/wp-content/uploads/2023/05/RAL-6002-600x600-1-1024x1024.png,media,colors
/wp-content/uploads/2023/05/RAL-6002-600x600-1-150x150.png,media,colors
/wp-content/uploads/2023/05/RAL-6002-600x600-1-768x768.png,media,colors
/wp-content/uploads/2023/05/RAL-6003-600x600-1.png,media,colors
/wp-content/uploads/2023/05/RAL-6003-600x600-1-300x300.png,media,colors
/wp-content/uploads/2023/05/RAL-6003-600x600-1-1024x1024.png,media,colors
/wp-content/uploads/2023/05/RAL-6003-600x600-1-150x150.png,media,colors
/wp-content/uploads/2023/05/RAL-6003-600x600-1-768x768.png,media,colors
/wp-content/uploads/2023/05/RAL-6004-600x600-1.png,media,colors
/wp-content/uploads/2023/05/RAL-6004-600x600-1-300x300.png,media,colors
/wp-content/uploads/2023/05/RAL-6004-600x600-1-1024x1024.png,media,colors
/wp-content/uploads/2023/05/RAL-6004-600x600-1-150x150.png,media,colors
/wp-content/uploads/2023/05/RAL-6004-600x600-1-768x768.png,media,colors
/wp-content/uploads/2023/05/RAL-6005-600x600-1.png,media,colors
/wp-content/uploads/2023/05/RAL-6005-600x600-1-300x300.png,media,colors
/wp-content/uploads/2023/05/RAL-6005-600x600-1-1024x1024.png,media,colors
/wp-content/uploads/2023/05/RAL-6005-600x600-1-150x150.png,media,colors
/wp-content/uploads/2023/05/RAL-6005-600x600-1-768x768.png,media,colors
/wp-content/uploads/2023/05/RAL-6006-600x600-1.png,media,colors
/wp-content/uploads/2023/05/RAL-6006-600x600-1-300x300.png,media,colors
/wp-content/uploads/2023/05/RAL-6006-600x600-1-1024x1024.png,media,colors
/wp-content/uploads/2023/05/RAL-6006-600x600-1-150x150.png,media,colors
/wp-content/uploads/2023/05/RAL-6006-600x600-1-768x768.png,media,colors
/wp-content/uploads/2023/05/RAL-6007-600x600-1.png,media,colors
/wp-content/uploads/2023/05/RAL-6007-600x600-1-300x300.png,media,colors
/wp-content/uploads/2023/05/RAL-6007-600x600-1-1024x1024.png,media,colors
/wp-content/uploads/2023/05/RAL-6007-600x600-1-150x150.png,media,colors
/wp-content/uploads/2023/05/RAL-6007-600x600-1-768x768.png,media,colors
/wp-content/uploads/2023/05/RAL-6008-600x600-1.png,media,colors
/wp-content/uploads/2023/05/RAL-6008-600x600-1-300x300.png,media,colors
/wp-content/uploads/2023/05/RAL-6008-600x600-1-1024x1024.png,media,colors
/wp-content/uploads/2023/05/RAL-6008-600x600-1-150x150.png,media,colors
/wp-content/uploads/2023/05/RAL-6008-600x600-1-768x768.png,media,colors
/wp-content/uploads/2023/05/RAL-6009-600x600-1.png,media,colors
/wp-content/uploads/2023/05/RAL-6009-600x600-1-300x300.png,media,colors
/wp-content/uploads/2023/05/RAL-6009-600x600-1-1024x1024.png,media,colors
/wp-content/uploads/2023/05/RAL-6009-600x600-1-150x150.png,media,colors
/wp-content/uploads/2023/05/RAL-6009-600x600-1-768x768.png,media,colors
/wp-content/uploads/2023/05/RAL-6010-600x600-1.png,media,colors
/wp-content/uploads/2023/05/RAL-6010-600x600-1-300x300.png,media,colors
/wp-content/uploads/2023/05/RAL-6010-600x600-1-1024x1024.png,media,colors
/wp-content/uploads/2023/05/RAL-6010-600x600-1-150x150.png,media,colors
/wp-content/uploads/2023/05/RAL-6010-600x600-1-768x768.png,media,colors
/wp-content/uploads/2023/05/RAL-6011-600x600-1.png,media,colors
/wp-content/uploads/2023/05/RAL-6011-600x600-1-300x300.png,media,colors
/wp-content/uploads/2023/05/RAL-6011-600x600-1-1024x1024.png,media,colors
/wp-content/uploads/2023/05/RAL-6011-600x600-1-150x150.png,media,colors
/wp-content/uploads/2023/05/RAL-6011-600x600-1-768x768.png,media,colors
/wp-content/uploads/2023/05/RAL-6012-600x600-1.png,media,colors
/wp-content/uploads/2023/05/RAL-6012-600x600-1-300x300.png,media,colors
/wp-content/uploads/2023/05/RAL-6012-600x600-1-1024x1024.png,media,colors
/wp-content/uploads/2023/05/RAL-6012-600x600-1-150x150.png,media,colors
/wp-content/uploads/2023/05/RAL-6012-600x600-1-768x768.png,media,colors
/wp-content/uploads/2023/05/RAL-6013-600x600-1.png,media,colors
/wp-content/uploads/2023/05/RAL-6013-600x600-1-300x300.png,media,colors
/wp-content/uploads/2023/05/RAL-6013-600x600-1-1024x1024.png,media,colors
/wp-content/uploads/2023/05/RAL-6013-600x600-1-150x150.png,media,colors
/wp-content/uploads/2023/05/RAL-6013-600x600-1-768x768.png,media,colors
/wp-content/uploads/2023/05/RAL-6014-600x600-1.png,media,colors
/wp-content/uploads/2023/05/RAL-6014-600x600-1-300x300.png,media,colors
/wp-content/uploads/2023/05/RAL-6014-600x600-1-1024x1024.png,media,colors
/wp-content/uploads/2023/05/RAL-6014-600x600-1-150x150.png,media,colors
/wp-content/uploads/2023/05/RAL-6014-600x600-1-768x768.png,media,colors
/wp-content/uploads/2023/05/RAL-6015-600x600-1.png,media,colors
/wp-content/uploads/2023/05/RAL-6015-600x600-1-300x300.png,media,colors
/wp-content/uploads/2023/05/RAL-6015-600x600-1-1024x1024.png,media,colors
/wp-content/uploads/2023/05/RAL-6015-600x600-1-150x150.png,media,colors
/wp-content/uploads/2023/05/RAL-6015-600x600-1-768x768.png,media,colors
/wp-content/uploads/2023/05/RAL-6016-600x600-1.png,media,colors
/wp-content/uploads/2023/05/RAL-6016-600x600-1-300x300.png,media,colors
/wp-content/uploads/2023/05/RAL-6016-600x600-1-1024x1024.png,media,colors
/wp-content/uploads/2023/05/RAL-6016-600x600-1-150x150.png,media,colors
/wp-content/uploads/2023/05/RAL-6016-600x600-1-768x768.png,media,colors
/wp-content/uploads/2023/05/RAL-6017-600x600-1.png,media,colors
/wp-content/uploads/2023/05/RAL-6017-600x600-1-300x300.png,media,colors
/wp-content/uploads/2023/05/RAL-6017-600x600-1-1024x1024.png,media,colors
/wp-content/uploads/2023/05/RAL-6017-600x600-1-150x150.png,media,colors
/wp-content/uploads/2023/05/RAL-6017-600x600-1-768x768.png,media,colors
/wp-content/uploads/2023/05/RAL-6018-600x600-1.png,media,colors
/wp-content/uploads/2023/05/RAL-6018-600x600-1-300x300.png,media,colors
/wp-content/uploads/2023/05/RAL-6018-600x600-1-1024x1024.png,media,colors
/wp-content/uploads/2023/05/RAL-6018-600x600-1-150x150.png,media,colors
/wp-content/uploads/2023/05/RAL-6018-600x600-1-768x768.png,media,colors
/wp-content/uploads/2023/05/RAL-6019-600x600-1.png,media,colors
/wp-content/uploads/2023/05/RAL-6019-600x600-1-300x300.png,media,colors
/wp-content/uploads/2023/05/RAL-6019-600x600-1-1024x1024.png,media,colors
/wp-content/uploads/2023/05/RAL-6019-600x600-1-150x150.png,media,colors
/wp-content/uploads/2023/05/RAL-6019-600x600-1-768x768.png,media,colors
/wp-content/uploads/2023/05/RAL-6020-600x600-1.png,media,colors
/wp-content/uploads/2023/05/RAL-6020-600x600-1-300x300.png,media,colors
/wp-content/uploads/2023/05/RAL-6020-600x600-1-1024x1024.png,media,colors
/wp-content/uploads/2023/05/RAL-6020-600x600-1-150x150.png,media,colors
/wp-content/uploads/2023/05/RAL-6020-600x600-1-768x768.png,media,colors
/wp-content/uploads/2023/05/RAL-6021-600x600-1.png,media,colors
/wp-content/uploads/2023/05/RAL-6021-600x600-1-300x300.png,media,colors
/wp-content/uploads/2023/05/RAL-6021-600x600-1-1024x1024.png,media,colors
/wp-content/uploads/2023/05/RAL-6021-600x600-1-150x150.png,media,colors
/wp-content/uploads/2023/05/RAL-6021-600x600-1-768x768.png,media,colors
/wp-content/uploads/2023/05/RAL-6022-600x600-1.png,media,colors
/wp-content/uploads/2023/05/RAL-6022-600x600-1-300x300.png,media,colors
/wp-content/uploads/2023/05/RAL-6022-600x600-1-1024x1024.png,media,colors
/wp-content/uploads/2023/05/RAL-6022-600x600-1-150x150.png,media,colors
/wp-content/uploads/2023/05/RAL-6022-600x600-1-768x768.png,media,colors
/wp-content/uploads/2023/05/RAL-6024-600x600-1.png,media,colors
/wp-content/uploads/2023/05/RAL-6024-600x600-1-300x300.png,media,colors
/wp-content/uploads/2023/05/RAL-6024-600x600-1-1024x1024.png,media,colors
/wp-content/uploads/2023/05/RAL-6024-600x600-1-150x150.png,media,colors
/wp-content/uploads/2023/05/RAL-6024-600x600-1-768x768.png,media,colors
/wp-content/uploads/2023/05/RAL-6025-600x600-1.png,media,colors
/wp-content/uploads/2023/05/RAL-6025-600x600-1-300x300.png,media,colors
/wp-content/uploads/2023/05/RAL-6025-600x600-1-1024x1024.png,media,colors
/wp-content/uploads/2023/05/RAL-6025-600x600-1-150x150.png,media,colors
/wp-content/uploads/2023/05/RAL-6025-600x600-1-768x768.png,media,colors
/wp-content/uploads/2023/05/RAL-6026-600x600-1.png,media,colors
/wp-content/uploads/2023/05/RAL-6026-600x600-1-300x300.png,media,colors
/wp-content/uploads/2023/05/RAL-6026-600x600-1-1024x1024.png,media,colors
/wp-content/uploads/2023/05/RAL-6026-600x600-1-150x150.png,media,colors
/wp-content/uploads/2023/05/RAL-6026-600x600-1-768x768.png,media,colors
/wp-content/uploads/2023/05/RAL-6027-600x600-1.png,media,colors
/wp-content/uploads/2023/05/RAL-6027-600x600-1-300x300.png,media,colors
/wp-content/uploads/2023/05/RAL-6027-600x600-1-1024x1024.png,media,colors
/wp-content/uploads/2023/05/RAL-6027-600x600-1-150x150.png,media,colors
/wp-content/uploads/2023/05/RAL-6027-600x600-1-768x768.png,media,colors
/wp-content/uploads/2023/05/RAL-6028-600x600-1.png,media,colors
/wp-content/uploads/2023/05/RAL-6028-600x600-1-300x300.png,media,colors
/wp-content/uploads/2023/05/RAL-6028-600x600-1-1024x1024.png,media,colors
/wp-content/uploads/2023/05/RAL-6028-600x600-1-150x150.png,media,colors
/wp-content/uploads/2023/05/RAL-6028-600x600-1-768x768.png,media,colors
/wp-content/uploads/2023/05/RAL-6032-600x600-1.png,media,colors
/wp-content/uploads/2023/05/RAL-6032-600x600-1-300x300.png,media,colors
/wp-content/uploads/2023/05/RAL-6032-600x600-1-1024x1024.png,media,colors
/wp-content/uploads/2023/05/RAL-6032-600x600-1-150x150.png,media,colors
/wp-content/uploads/2023/05/RAL-6032-600x600-1-768x768.png,media,colors
/wp-content/uploads/2023/05/RAL-6033-600x600-1.png,media,colors
/wp-content/uploads/2023/05/RAL-6033-600x600-1-300x300.png,media,colors
/wp-content/uploads/2023/05/RAL-6033-600x600-1-1024x1024.png,media,colors
/wp-content/uploads/2023/05/RAL-6033-600x600-1-150x150.png,media,colors
/wp-content/uploads/2023/05/RAL-6033-600x600-1-768x768.png,media,colors
/wp-content/uploads/2023/05/RAL-6034-600x600-1.png,media,colors
/wp-content/uploads/2023/05/RAL-6034-600x600-1-300x300.png,media,colors
/wp-content/uploads/2023/05/RAL-6034-600x600-1-1024x1024.png,media,colors
/wp-content/uploads/2023/05/RAL-6034-600x600-1-150x150.png,media,colors
/wp-content/uploads/2023/05/RAL-6034-600x600-1-768x768.png,media,colors
/wp-content/uploads/2023/05/RAL-7000-600x600-1.png,media,colors
/wp-content/uploads/2023/05/RAL-7000-600x600-1-300x300.png,media,colors
/wp-content/uploads/2023/05/RAL-7000-600x600-1-1024x1024.png,media,colors
/wp-content/uploads/2023/05/RAL-7000-600x600-1-150x150.png,media,colors
/wp-content/uploads/2023/05/RAL-7000-600x600-1-768x768.png,media,colors
/wp-content/uploads/2023/05/RAL-7001-600x600-1.png,media,colors
/wp-content/uploads/2023/05/RAL-7001-600x600-1-300x300.png,media,colors
/wp-content/uploads/2023/05/RAL-7001-600x600-1-1024x1024.png,media,colors
/wp-content/uploads/2023/05/RAL-7001-600x600-1-150x150.png,media,colors
/wp-content/uploads/2023/05/RAL-7001-600x600-1-768x768.png,media,colors
/wp-content/uploads/2023/05/RAL-7002-600x600-1.png,media,colors
/wp-content/uploads/2023/05/RAL-7002-600x600-1-300x300.png,media,colors
/wp-content/uploads/2023/05/RAL-7002-600x600-1-1024x1024.png,media,colors
/wp-content/uploads/2023/05/RAL-7002-600x600-1-150x150.png,media,colors
/wp-content/uploads/2023/05/RAL-7002-600x600-1-768x768.png,media,colors
/wp-content/uploads/2023/05/RAL-7003-600x600-1.png,media,colors
/wp-content/uploads/2023/05/RAL-7003-600x600-1-300x300.png,media,colors
/wp-content/uploads/2023/05/RAL-7003-600x600-1-1024x1024.png,media,colors
/wp-content/uploads/2023/05/RAL-7003-600x600-1-150x150.png,media,colors
/wp-content/uploads/2023/05/RAL-7003-600x600-1-768x768.png,media,colors
/wp-content/uploads/2023/05/RAL-7004-600x600-1.png,media,colors
/wp-content/uploads/2023/05/RAL-7004-600x600-1-300x300.png,media,colors
/wp-content/uploads/2023/05/RAL-7004-600x600-1-1024x1024.png,media,colors
/wp-content/uploads/2023/05/RAL-7004-600x600-1-150x150.png,media,colors
/wp-content/uploads/2023/05/RAL-7004-600x600-1-768x768.png,media,colors
/wp-content/uploads/2023/05/RAL-7005-600x600-1.png,media,colors
/wp-content/uploads/2023/05/RAL-7005-600x600-1-300x300.png,media,colors
/wp-content/uploads/2023/05/RAL-7005-600x600-1-1024x1024.png,media,colors
/wp-content/uploads/2023/05/RAL-7005-600x600-1-150x150.png,media,colors
/wp-content/uploads/2023/05/RAL-7005-600x600-1-768x768.png,media,colors
/wp-content/uploads/2023/05/RAL-7006-600x600-1.png,media,colors
/wp-content/uploads/2023/05/RAL-7006-600x600-1-300x300.png,media,colors
/wp-content/uploads/2023/05/RAL-7006-600x600-1-1024x1024.png,media,colors
/wp-content/uploads/2023/05/RAL-7006-600x600-1-150x150.png,media,colors
/wp-content/uploads/2023/05/RAL-7006-600x600-1-768x768.png,media,colors
/wp-content/uploads/2023/05/RAL-7008-600x600-1.png,media,colors
/wp-content/uploads/2023/05/RAL-7008-600x600-1-300x300.png,media,colors
/wp-content/uploads/2023/05/RAL-7008-600x600-1-1024x1024.png,media,colors
/wp-content/uploads/2023/05/RAL-7008-600x600-1-150x150.png,media,colors
/wp-content/uploads/2023/05/RAL-7008-600x600-1-768x768.png,media,colors
/wp-content/uploads/2023/05/RAL-7009-600x600-1.png,media,colors
/wp-content/uploads/2023/05/RAL-7009-600x600-1-300x300.png,media,colors
/wp-content/uploads/2023/05/RAL-7009-600x600-1-1024x1024.png,media,colors
/wp-content/uploads/2023/05/RAL-7009-600x600-1-150x150.png,media,colors
/wp-content/uploads/2023/05/RAL-7009-600x600-1-768x768.png,media,colors
/wp-content/uploads/2023/05/RAL-7010-600x600-1.png,media,colors
/wp-content/uploads/2023/05/RAL-7010-600x600-1-300x300.png,media,colors
/wp-content/uploads/2023/05/RAL-7010-600x600-1-1024x1024.png,media,colors
/wp-content/uploads/2023/05/RAL-7010-600x600-1-150x150.png,media,colors
/wp-content/uploads/2023/05/RAL-7010-600x600-1-768x768.png,media,colors
/wp-content/uploads/2023/05/RAL-7011-600x600-1.png,media,colors
/wp-content/uploads/2023/05/RAL-7011-600x600-1-300x300.png,media,colors
/wp-content/uploads/2023/05/RAL-7011-600x600-1-1024x1024.png,media,colors
/wp-content/uploads/2023/05/RAL-7011-600x600-1-150x150.png,media,colors
/wp-content/uploads/2023/05/RAL-7011-600x600-1-768x768.png,media,colors
/wp-content/uploads/2023/05/RAL-7012-600x600-1.png,media,colors
/wp-content/uploads/2023/05/RAL-7012-600x600-1-300x300.png,media,colors
/wp-content/uploads/2023/05/RAL-7012-600x600-1-1024x1024.png,media,colors
/wp-content/uploads/2023/05/RAL-7012-600x600-1-150x150.png,media,colors
/wp-content/uploads/2023/05/RAL-7012-600x600-1-768x768.png,media,colors
/wp-content/uploads/2023/05/RAL-7013-600x600-1.png,media,colors
/wp-content/uploads/2023/05/RAL-7013-600x600-1-300x300.png,media,colors
/wp-content/uploads/2023/05/RAL-7013-600x600-1-1024x1024.png,media,colors
/wp-content/uploads/2023/05/RAL-7013-600x600-1-150x150.png,media,colors
/wp-content/uploads/2023/05/RAL-7013-600x600-1-768x768.png,media,colors
/wp-content/uploads/2023/05/RAL-7015-600x600-1.png,media,colors
/wp-content/uploads/2023/05/RAL-7015-600x600-1-300x300.png,media,colors
/wp-content/uploads/2023/05/RAL-7015-600x600-1-1024x1024.png,media,colors
/wp-content/uploads/2023/05/RAL-7015-600x600-1-150x150.png,media,colors
/wp-content/uploads/2023/05/RAL-7015-600x600-1-768x768.png,media,colors
/wp-content/uploads/2023/05/RAL-7016-600x600-1.png,media,colors
/wp-content/uploads/2023/05/RAL-7016-600x600-1-300x300.png,media,colors
/wp-content/uploads/2023/05/RAL-7016-600x600-1-1024x1024.png,media,colors
/wp-content/uploads/2023/05/RAL-7016-600x600-1-150x150.png,media,colors
/wp-content/uploads/2023/05/RAL-7016-600x600-1-768x768.png,media,colors
/wp-content/uploads/2023/05/RAL-7021-600x600-1.png,media,colors
/wp-content/uploads/2023/05/RAL-7021-600x600-1-300x300.png,media,colors
/wp-content/uploads/2023/05/RAL-7021-600x600-1-1024x1024.png,media,colors
/wp-content/uploads/2023/05/RAL-7021-600x600-1-150x150.png,media,colors
/wp-content/uploads/2023/05/RAL-7021-600x600-1-768x768.png,media,colors
/wp-content/uploads/2023/05/RAL-7022-600x600-1.png,media,colors
/wp-content/uploads/2023/05/RAL-7022-600x600-1-300x300.png,media,colors
/wp-content/uploads/2023/05/RAL-7022-600x600-1-1024x1024.png,media,colors
/wp-content/uploads/2023/05/RAL-7022-600x600-1-150x150.png,media,colors
/wp-content/uploads/2023/05/RAL-7022-600x600-1-768x768.png,media,colors
/wp-content/uploads/2023/05/RAL-7023-600x600-1.png,media,colors
/wp-content/uploads/2023/05/RAL-7023-600x600-1-300x300.png,media,colors
/wp-content/uploads/2023/05/RAL-7023-600x600-1-1024x1024.png,media,colors
/wp-content/uploads/2023/05/RAL-7023-600x600-1-150x150.png,media,colors
/wp-content/uploads/2023/05/RAL-7023-600x600-1-768x768.png,media,colors
/wp-content/uploads/2023/05/RAL-7024-600x600-1.png,media,colors
/wp-content/uploads/2023/05/RAL-7024-600x600-1-300x300.png,media,colors
/wp-content/uploads/2023/05/RAL-7024-600x600-1-1024x1024.png,media,colors
/wp-content/uploads/2023/05/RAL-7024-600x600-1-150x150.png,media,colors
/wp-content/uploads/2023/05/RAL-7024-600x600-1-768x768.png,media,colors
/wp-content/uploads/2023/05/RAL-7026-600x600-1.png,media,colors
/wp-content/uploads/2023/05/RAL-7026-600x600-1-300x300.png,media,colors
/wp-content/uploads/2023/05/RAL-7026-600x600-1-1024x1024.png,media,colors
/wp-content/uploads/2023/05/RAL-7026-600x600-1-150x150.png,media,colors
/wp-content/uploads/2023/05/RAL-7026-600x600-1-768x768.png,media,colors
/wp-content/uploads/2023/05/RAL-7030-600x600-1.png,media,colors
/wp-content/uploads/2023/05/RAL-7030-600x600-1-300x300.png,media,colors
/wp-content/uploads/2023/05/RAL-7030-600x600-1-1024x1024.png,media,colors
/wp-content/uploads/2023/05/RAL-7030-600x600-1-150x150.png,media,colors
/wp-content/uploads/2023/05/RAL-7030-600x600-1-768x768.png,media,colors
/wp-content/uploads/2023/05/RAL-7031-600x600-1.png,media,colors
/wp-content/uploads/2023/05/RAL-7031-600x600-1-300x300.png,media,colors
/wp-content/uploads/2023/05/RAL-7031-600x600-1-1024x1024.png,media,colors
/wp-content/uploads/2023/05/RAL-7031-600x600-1-150x150.png,media,colors
/wp-content/uploads/2023/05/RAL-7031-600x600-1-768x768.png,media,colors
/wp-content/uploads/2023/05/RAL-7032-600x600-1.png,media,colors
/wp-content/uploads/2023/05/RAL-7032-600x600-1-300x300.png,media,colors
/wp-content/uploads/2023/05/RAL-7032-600x600-1-1024x1024.png,media,colors
/wp-content/uploads/2023/05/RAL-7032-600x600-1-150x150.png,media,colors
/wp-content/uploads/2023/05/RAL-7032-600x600-1-768x768.png,media,colors
/wp-content/uploads/2023/05/RAL-7033-600x600-1.png,media,colors
/wp-content/uploads/2023/05/RAL-7033-600x600-1-300x300.png,media,colors
/wp-content/uploads/2023/05/RAL-7033-600x600-1-1024x1024.png,media,colors
/wp-content/uploads/2023/05/RAL-7033-600x600-1-150x150.png,media,colors
/wp-content/uploads/2023/05/RAL-7033-600x600-1-768x768.png,media,colors
/wp-content/uploads/2023/05/RAL-7034-600x600-1.png,media,colors
/wp-content/uploads/2023/05/RAL-7034-600x600-1-300x300.png,media,colors
/wp-content/uploads/2023/05/RAL-7034-600x600-1-1024x1024.png,media,colors
/wp-content/uploads/2023/05/RAL-7034-600x600-1-150x150.png,media,colors
/wp-content/uploads/2023/05/RAL-7034-600x600-1-768x768.png,media,colors
/wp-content/uploads/2023/05/RAL-7035-600x600-1.png,media,colors
/wp-content/uploads/2023/05/RAL-7035-600x600-1-300x300.png,media,colors
/wp-content/uploads/2023/05/RAL-7035-600x600-1-1024x1024.png,media,colors
/wp-content/uploads/2023/05/RAL-7035-600x600-1-150x150.png,media,colors
/wp-content/uploads/2023/05/RAL-7035-600x600-1-768x768.png,media,colors
/wp-content/uploads/2023/05/RAL-7036-600x600-1.png,media,colors
/wp-content/uploads/2023/05/RAL-7036-600x600-1-300x300.png,media,colors
/wp-content/uploads/2023/05/RAL-7036-600x600-1-1024x1024.png,media,colors
/wp-content/uploads/2023/05/RAL-7036-600x600-1-150x150.png,media,colors
/wp-content/uploads/2023/05/RAL-7036-600x600-1-768x768.png,media,colors
/wp-content/uploads/2023/05/RAL-7037-600x600-1.png,media,colors
/wp-content/uploads/2023/05/RAL-7037-600x600-1-300x300.png,media,colors
/wp-content/uploads/2023/05/RAL-7037-600x600-1-1024x1024.png,media,colors
/wp-content/uploads/2023/05/RAL-7037-600x600-1-150x150.png,media,colors
/wp-content/uploads/2023/05/RAL-7037-600x600-1-768x768.png,media,colors
/wp-content/uploads/2023/05/RAL-7038-600x600-1.png,media,colors
/wp-content/uploads/2023/05/RAL-7038-600x600-1-300x300.png,media,colors
/wp-content/uploads/2023/05/RAL-7038-600x600-1-1024x1024.png,media,colors
/wp-content/uploads/2023/05/RAL-7038-600x600-1-150x150.png,media,colors
/wp-content/uploads/2023/05/RAL-7038-600x600-1-768x768.png,media,colors
/wp-content/uploads/2023/05/RAL-7039-600x600-1.png,media,colors
/wp-content/uploads/2023/05/RAL-7039-600x600-1-300x300.png,media,colors
/wp-content/uploads/2023/05/RAL-7039-600x600-1-1024x1024.png,media,colors
/wp-content/uploads/2023/05/RAL-7039-600x600-1-150x150.png,media,colors
/wp-content/uploads/2023/05/RAL-7039-600x600-1-768x768.png,media,colors
/wp-content/uploads/2023/05/RAL-7040-600x600-1.png,media,colors
/wp-content/uploads/2023/05/RAL-7040-600x600-1-300x300.png,media,colors
/wp-content/uploads/2023/05/RAL-7040-600x600-1-1024x1024.png,media,colors
/wp-content/uploads/2023/05/RAL-7040-600x600-1-150x150.png,media,colors
/wp-content/uploads/2023/05/RAL-7040-600x600-1-768x768.png,media,colors
/wp-content/uploads/2023/05/RAL-7042-600x600-1.png,media,colors
/wp-content/uploads/2023/05/RAL-7042-600x600-1-300x300.png,media,colors
/wp-content/uploads/2023/05/RAL-7042-600x600-1-1024x1024.png,media,colors
/wp-content/uploads/2023/05/RAL-7042-600x600-1-150x150.png,media,colors
/wp-content/uploads/2023/05/RAL-7042-600x600-1-768x768.png,media,colors
/wp-content/uploads/2023/05/RAL-7043-600x600-1.png,media,colors
/wp-content/uploads/2023/05/RAL-7043-600x600-1-300x300.png,media,colors
/wp-content/uploads/2023/05/RAL-7043-600x600-1-1024x1024.png,media,colors
/wp-content/uploads/2023/05/RAL-7043-600x600-1-150x150.png,media,colors
/wp-content/uploads/2023/05/RAL-7043-600x600-1-768x768.png,media,colors
/wp-content/uploads/2023/05/RAL-7044-600x600-1.png,media,colors
/wp-content/uploads/2023/05/RAL-7044-600x600-1-300x300.png,media,colors
/wp-content/uploads/2023/05/RAL-7044-600x600-1-1024x1024.png,media,colors
/wp-content/uploads/2023/05/RAL-7044-600x600-1-150x150.png,media,colors
/wp-content/uploads/2023/05/RAL-7044-600x600-1-768x768.png,media,colors
/wp-content/uploads/2023/05/RAL-7045-600x600-1.png,media,colors
/wp-content/uploads/2023/05/RAL-7045-600x600-1-300x300.png,media,colors
/wp-content/uploads/2023/05/RAL-7045-600x600-1-1024x1024.png,media,colors
/wp-content/uploads/2023/05/RAL-7045-600x600-1-150x150.png,media,colors
/wp-content/uploads/2023/05/RAL-7045-600x600-1-768x768.png,media,colors
/wp-content/uploads/2023/05/RAL-7046-600x600-1.png,media,colors
/wp-content/uploads/2023/05/RAL-7046-600x600-1-300x300.png,media,colors
/wp-content/uploads/2023/05/RAL-7046-600x600-1-1024x1024.png,media,colors
/wp-content/uploads/2023/05/RAL-7046-600x600-1-150x150.png,media,colors
/wp-content/uploads/2023/05/RAL-7046-600x600-1-768x768.png,media,colors
/wp-content/uploads/2023/05/RAL-7047-600x600-1.png,media,colors
/wp-content/uploads/2023/05/RAL-7047-600x600-1-300x300.png,media,colors
/wp-content/uploads/2023/05/RAL-7047-600x600-1-1024x1024.png,media,colors
/wp-content/uploads/2023/05/RAL-7047-600x600-1-150x150.png,media,colors
/wp-content/uploads/2023/05/RAL-7047-600x600-1-768x768.png,media,colors
/wp-content/uploads/2023/05/RAL-8000-600x600-1.png,media,colors
/wp-content/uploads/2023/05/RAL-8000-600x600-1-300x300.png,media,colors
/wp-content/uploads/2023/05/RAL-8000-600x600-1-1024x1024.png,media,colors
/wp-content/uploads/2023/05/RAL-8000-600x600-1-150x150.png,media,colors
/wp-content/uploads/2023/05/RAL-8000-600x600-1-768x768.png,media,colors
/wp-content/uploads/2023/05/RAL-8001-600x600-1.png,media,colors
/wp-content/uploads/2023/05/RAL-8001-600x600-1-300x300.png,media,colors
/wp-content/uploads/2023/05/RAL-8001-600x600-1-1024x1024.png,media,colors
/wp-content/uploads/2023/05/RAL-8001-600x600-1-150x150.png,media,colors
/wp-content/uploads/2023/05/RAL-8001-600x600-1-768x768.png,media,colors
/wp-content/uploads/2023/05/RAL-8002-600x600-1.png,media,colors
/wp-content/uploads/2023/05/RAL-8002-600x600-1-300x300.png,media,colors
/wp-content/uploads/2023/05/RAL-8002-600x600-1-1024x1024.png,media,colors
/wp-content/uploads/2023/05/RAL-8002-600x600-1-150x150.png,media,colors
/wp-content/uploads/2023/05/RAL-8002-600x600-1-768x768.png,media,colors
/wp-content/uploads/2023/05/RAL-8003-600x600-1.png,media,colors
/wp-content/uploads/2023/05/RAL-8003-600x600-1-300x300.png,media,colors
/wp-content/uploads/2023/05/RAL-8003-600x600-1-1024x1024.png,media,colors
/wp-content/uploads/2023/05/RAL-8003-600x600-1-150x150.png,media,colors
/wp-content/uploads/2023/05/RAL-8003-600x600-1-768x768.png,media,colors
/wp-content/uploads/2023/05/RAL-8004-600x600-1.png,media,colors
/wp-content/uploads/2023/05/RAL-8004-600x600-1-300x300.png,media,colors
/wp-content/uploads/2023/05/RAL-8004-600x600-1-1024x1024.png,media,colors
/wp-content/uploads/2023/05/RAL-8004-600x600-1-150x150.png,media,colors
/wp-content/uploads/2023/05/RAL-8004-600x600-1-768x768.png,media,colors
/wp-content/uploads/2023/05/RAL-8007-600x600-1.png,media,colors
/wp-content/uploads/2023/05/RAL-8007-600x600-1-300x300.png,media,colors
/wp-content/uploads/2023/05/RAL-8007-600x600-1-1024x1024.png,media,colors
/wp-content/uploads/2023/05/RAL-8007-600x600-1-150x150.png,media,colors
/wp-content/uploads/2023/05/RAL-8007-600x600-1-768x768.png,media,colors
/wp-content/uploads/2023/05/RAL-8008-600x600-1.png,media,colors
/wp-content/uploads/2023/05/RAL-8008-600x600-1-300x300.png,media,colors
/wp-content/uploads/2023/05/RAL-8008-600x600-1-1024x1024.png,media,colors
/wp-content/uploads/2023/05/RAL-8008-600x600-1-150x150.png,media,colors
/wp-content/uploads/2023/05/RAL-8008-600x600-1-768x768.png,media,colors
/wp-content/uploads/2023/05/RAL-8011-600x600-1.png,media,colors
/wp-content/uploads/2023/05/RAL-8011-600x600-1-300x300.png,media,colors
/wp-content/uploads/2023/05/RAL-8011-600x600-1-1024x1024.png,media,colors
/wp-content/uploads/2023/05/RAL-8011-600x600-1-150x150.png,media,colors
/wp-content/uploads/2023/05/RAL-8011-600x600-1-768x768.png,media,colors
/wp-content/uploads/2023/05/RAL-8012-600x600-1.png,media,colors
/wp-content/uploads/2023/05/RAL-8012-600x600-1-300x300.png,media,colors
/wp-content/uploads/2023/05/RAL-8012-600x600-1-1024x1024.png,media,colors
/wp-content/uploads/2023/05/RAL-8012-600x600-1-150x150.png,media,colors
/wp-content/uploads/2023/05/RAL-8012-600x600-1-768x768.png,media,colors
/wp-content/uploads/2023/05/RAL-8014-600x600-1.png,media,colors
/wp-content/uploads/2023/05/RAL-8014-600x600-1-300x300.png,media,colors
/wp-content/uploads/2023/05/RAL-8014-600x600-1-1024x1024.png,media,colors
/wp-content/uploads/2023/05/RAL-8014-600x600-1-150x150.png,media,colors
/wp-content/uploads/2023/05/RAL-8014-600x600-1-768x768.png,media,colors
/wp-content/uploads/2023/05/RAL-8015-600x600-1.png,media,colors
/wp-content/uploads/2023/05/RAL-8015-600x600-1-300x300.png,media,colors
/wp-content/uploads/2023/05/RAL-8015-600x600-1-1024x1024.png,media,colors
/wp-content/uploads/2023/05/RAL-8015-600x600-1-150x150.png,media,colors
/wp-content/uploads/2023/05/RAL-8015-600x600-1-768x768.png,media,colors
/wp-content/uploads/2023/05/RAL-8016-600x600-1.png,media,colors
/wp-content/uploads/2023/05/RAL-8016-600x600-1-300x300.png,media,colors
/wp-content/uploads/2023/05/RAL-8016-600x600-1-1024x1024.png,media,colors
/wp-content/uploads/2023/05/RAL-8016-600x600-1-150x150.png,media,colors
/wp-content/uploads/2023/05/RAL-8016-600x600-1-768x768.png,media,colors
/wp-content/uploads/2023/05/RAL-8017-600x600-1.png,media,colors
/wp-content/uploads/2023/05/RAL-8017-600x600-1-300x300.png,media,colors
/wp-content/uploads/2023/05/RAL-8017-600x600-1-1024x1024.png,media,colors
/wp-content/uploads/2023/05/RAL-8017-600x600-1-150x150.png,media,colors
/wp-content/uploads/2023/05/RAL-8017-600x600-1-768x768.png,media,colors
/wp-content/uploads/2023/05/RAL-8019-600x600-1.png,media,colors
/wp-content/uploads/2023/05/RAL-8019-600x600-1-300x300.png,media,colors
/wp-content/uploads/2023/05/RAL-8019-600x600-1-1024x1024.png,media,colors
/wp-content/uploads/2023/05/RAL-8019-600x600-1-150x150.png,media,colors
/wp-content/uploads/2023/05/RAL-8019-600x600-1-768x768.png,media,colors
/wp-content/uploads/2023/05/RAL-8022-600x600-1.png,media,colors
/wp-content/uploads/2023/05/RAL-8022-600x600-1-300x300.png,media,colors
/wp-content/uploads/2023/05/RAL-8022-600x600-1-1024x1024.png,media,colors
/wp-content/uploads/2023/05/RAL-8022-600x600-1-150x150.png,media,colors
/wp-content/uploads/2023/05/RAL-8022-600x600-1-768x768.png,media,colors
/wp-content/uploads/2023/05/RAL-8023-600x600-1.png,media,colors
/wp-content/uploads/2023/05/RAL-8023-600x600-1-300x300.png,media,colors
/wp-content/uploads/2023/05/RAL-8023-600x600-1-1024x1024.png,media,colors
/wp-content/uploads/2023/05/RAL-8023-600x600-1-150x150.png,media,colors
/wp-content/uploads/2023/05/RAL-8023-600x600-1-768x768.png,media,colors
/wp-content/uploads/2023/05/RAL-8024-600x600-1.png,media,colors
/wp-content/uploads/2023/05/RAL-8024-600x600-1-300x300.png,media,colors
/wp-content/uploads/2023/05/RAL-8024-600x600-1-1024x1024.png,media,colors
/wp-content/uploads/2023/05/RAL-8024-600x600-1-150x150.png,media,colors
/wp-content/uploads/2023/05/RAL-8024-600x600-1-768x768.png,media,colors
/wp-content/uploads/2023/05/RAL-8025-600x600-1.png,media,colors
/wp-content/uploads/2023/05/RAL-8025-600x600-1-300x300.png,media,colors
/wp-content/uploads/2023/05/RAL-8025-600x600-1-1024x1024.png,media,colors
/wp-content/uploads/2023/05/RAL-8025-600x600-1-150x150.png,media,colors
/wp-content/uploads/2023/05/RAL-8025-600x600-1-768x768.png,media,colors
/wp-content/uploads/2023/05/RAL-8028-600x600-1.png,media,colors
/wp-content/uploads/2023/05/RAL-8028-600x600-1-300x300.png,media,colors
/wp-content/uploads/2023/05/RAL-8028-600x600-1-1024x1024.png,media,colors
/wp-content/uploads/2023/05/RAL-8028-600x600-1-150x150.png,media,colors
/wp-content/uploads/2023/05/RAL-8028-600x600-1-768x768.png,media,colors
/wp-content/uploads/2023/05/RAL-9001-600x600-1.png,media,colors
/wp-content/uploads/2023/05/RAL-9001-600x600-1-300x300.png,media,colors
/wp-content/uploads/2023/05/RAL-9001-600x600-1-1024x1024.png,media,colors
/wp-content/uploads/2023/05/RAL-9001-600x600-1-150x150.png,media,colors
/wp-content/uploads/2023/05/RAL-9001-600x600-1-768x768.png,media,colors
/wp-content/uploads/2023/05/RAL-9002-600x600-1.png,media,colors
/wp-content/uploads/2023/05/RAL-9002-600x600-1-300x300.png,media,colors
/wp-content/uploads/2023/05/RAL-9002-600x600-1-1024x1024.png,media,colors
/wp-content/uploads/2023/05/RAL-9002-600x600-1-150x150.png,media,colors
/wp-content/uploads/2023/05/RAL-9002-600x600-1-768x768.png,media,colors
/wp-content/uploads/2023/05/RAL-9003-600x600-1.png,media,colors
/wp-content/uploads/2023/05/RAL-9003-600x600-1-300x300.png,media,colors
/wp-content/uploads/2023/05/RAL-9003-600x600-1-1024x1024.png,media,colors
/wp-content/uploads/2023/05/RAL-9003-600x600-1-150x150.png,media,colors
/wp-content/uploads/2023/05/RAL-9003-600x600-1-768x768.png,media,colors
/wp-content/uploads/2023/05/RAL-9004-600x600-1.png,media,colors
/wp-content/uploads/2023/05/RAL-9004-600x600-1-300x300.png,media,colors
/wp-content/uploads/2023/05/RAL-9004-600x600-1-1024x1024.png,media,colors
/wp-content/uploads/2023/05/RAL-9004-600x600-1-150x150.png,media,colors
/wp-content/uploads/2023/05/RAL-9004-600x600-1-768x768.png,media,colors
/wp-content/uploads/2023/05/RAL-9005-600x600-1.png,media,colors
/wp-content/uploads/2023/05/RAL-9005-600x600-1-300x300.png,media,colors
/wp-content/uploads/2023/05/RAL-9005-600x600-1-1024x1024.png,media,colors
/wp-content/uploads/2023/05/RAL-9005-600x600-1-150x150.png,media,colors
/wp-content/uploads/2023/05/RAL-9005-600x600-1-768x768.png,media,colors
/wp-content/uploads/2023/05/RAL-9006-600x600-1.png,media,colors
/wp-content/uploads/2023/05/RAL-9006-600x600-1-300x300.png,media,colors
/wp-content/uploads/2023/05/RAL-9006-600x600-1-1024x1024.png,media,colors
/wp-content/uploads/2023/05/RAL-9006-600x600-1-150x150.png,media,colors
/wp-content/uploads/2023/05/RAL-9006-600x600-1-768x768.png,media,colors
/wp-content/uploads/2023/05/RAL-9007-600x600-1.png,media,colors
/wp-content/uploads/2023/05/RAL-9007-600x600-1-300x300.png,media,colors
/wp-content/uploads/2023/05/RAL-9007-600x600-1-1024x1024.png,media,colors
/wp-content/uploads/2023/05/RAL-9007-600x600-1-150x150.png,media,colors
/wp-content/uploads/2023/05/RAL-9007-600x600-1-768x768.png,media,colors
/wp-content/uploads/2023/05/RAL-9010-600x600-1.png,media,colors
/wp-content/uploads/2023/05/RAL-9010-600x600-1-300x300.png,media,colors
/wp-content/uploads/2023/05/RAL-9010-600x600-1-1024x1024.png,media,colors
/wp-content/uploads/2023/05/RAL-9010-600x600-1-150x150.png,media,colors
/wp-content/uploads/2023/05/RAL-9010-600x600-1-768x768.png,media,colors
/wp-content/uploads/2023/05/RAL-9011-600x600-1.png,media,colors
/wp-content/uploads/2023/05/RAL-9011-600x600-1-300x300.png,media,colors
/wp-content/uploads/2023/05/RAL-9011-600x600-1-1024x1024.png,media,colors
/wp-content/uploads/2023/05/RAL-9011-600x600-1-150x150.png,media,colors
/wp-content/uploads/2023/05/RAL-9011-600x600-1-768x768.png,media,colors
/wp-content/uploads/2023/05/RAL-9016-600x600-1.png,media,colors
/wp-content/uploads/2023/05/RAL-9016-600x600-1-300x300.png,media,colors
/wp-content/uploads/2023/05/RAL-9016-600x600-1-1024x1024.png,media,colors
/wp-content/uploads/2023/05/RAL-9016-600x600-1-150x150.png,media,colors
/wp-content/uploads/2023/05/RAL-9016-600x600-1-768x768.png,media,colors
/wp-content/uploads/2023/05/RAL-9017-600x600-1.png,media,colors
/wp-content/uploads/2023/05/RAL-9017-600x600-1-300x300.png,media,colors
/wp-content/uploads/2023/05/RAL-9017-600x600-1-1024x1024.png,media,colors
/wp-content/uploads/2023/05/RAL-9017-600x600-1-150x150.png,media,colors
/wp-content/uploads/2023/05/RAL-9017-600x600-1-768x768.png,media,colors
/wp-content/uploads/2023/05/RAL-9018-600x600-1.png,media,colors
/wp-content/uploads/2023/05/RAL-9018-600x600-1-300x300.png,media,colors
/wp-content/uploads/2023/05/RAL-9018-600x600-1-1024x1024.png,media,colors
/wp-content/uploads/2023/05/RAL-9018-600x600-1-150x150.png,media,colors
/wp-content/uploads/2023/05/RAL-9018-600x600-1-768x768.png,media,colors
/wp-content/uploads/2023/05/RAL-9022-600x600-1.png,media,colors
/wp-content/uploads/2023/05/RAL-9022-600x600-1-300x300.png,media,colors
/wp-content/uploads/2023/05/RAL-9022-600x600-1-1024x1024.png,media,colors
/wp-content/uploads/2023/05/RAL-9022-600x600-1-150x150.png,media,colors
/wp-content/uploads/2023/05/RAL-9022-600x600-1-768x768.png,media,colors
/wp-content/uploads/2023/05/hero-color-page.png,media,colors
/wp-content/uploads/2024/11/AM-Spanish.pdf,document,descargar-informacion
/wp-content/uploads/2024/11/IFS-Advance-Brochure-SPA.pdf,document,descargar-informacion
/wp-content/uploads/2024/11/Pureclad-Coatings-Spanish-Brochure.pdf,document,descargar-informacion
/wp-content/uploads/2024/11/Spanish-AG-leaflet.pdf,document,descargar-informacion
/wp-content/uploads/2024/11/Spanish-Architectural.pdf,document,descargar-informacion
/wp-content/uploads/2024/11/Spanish-High-Heat.pdf,document,descargar-informacion
/wp-content/uploads/2024/11/Spanish-IFS-colors.pdf,document,descargar-informacion
/wp-content/uploads/2024/11/Spanish-Primers.pdf,document,descargar-informacion
/wp-content/uploads/2024/11/Spanish-Purecoat.pdf,document,descargar-informacion
/wp-content/uploads/2024/11/WolfRayet-Brochure_Spanish-version_LC_Feb-2024_final-med-res.pdf,document,descargar-informacion
/wp-content/uploads/2025/01/IFS-Trailer-Brochure-Spanish-Version-LR.pdf,document,descargar-informacion
/wp-content/uploads/2024/11/hero-markets-appliances.jpg,media,electrodomesticos
/wp-content/uploads/2023/05/architecture-01.jpg,media,home
/wp-content/uploads/2023/05/custom-workshop-01.jpg,media,home
/wp-content/uploads/2023/05/custom-workshop-01-300x225.jpg,media,home
/wp-content/uploads/2023/05/custom-workshop-01-768x576.jpg,media,home
/wp-content/uploads/2023/05/electrodomesticos-02.jpg,media,home
/wp-content/uploads/2023/05/electrodomesticos-02-300x225.jpg,media,home
/wp-content/uploads/2023/05/electrodomesticos-02-768x576.jpg,media,home
/wp-content/uploads/2023/05/automoviles-01.jpg,media,home
/wp-content/uploads/2023/05/automoviles-01-300x225.jpg,media,home
/wp-content/uploads/2023/05/automoviles-01-768x576.jpg,media,home
/wp-content/uploads/2023/05/general-industrial-01.jpg,media,home
/wp-content/uploads/2023/05/general-industrial-01-300x225.jpg,media,home
/wp-content/uploads/2023/05/general-industrial-01-768x576.jpg,media,home
/wp-content/uploads/2023/05/trailer-01.jpg,media,home
/wp-content/uploads/2023/05/trailer-01-300x225.jpg,media,home
/wp-content/uploads/2023/05/trailer-01-768x576.jpg,media,home
/wp-content/uploads/2023/05/rebar-01.jpg,media,home
/wp-content/uploads/2023/05/rebar-01-300x225.jpg,media,home
/wp-content/uploads/2023/05/rebar-01-768x576.jpg,media,home
/wp-content/uploads/2023/05/hero-homepage-01.jpg,media,home
/wp-content/uploads/2023/05/hero-general-industrial.jpg,media,home
/wp-content/uploads/2023/05/hero-ifs-pureclad-01.jpg,media,ifs-pureclad
/wp-content/uploads/2023/04/hero-powders-imprimadores.jpg,media,imprimadores-en-polvo
/wp-content/uploads/2023/04/Job-shop.jpg,media,maquiladores
/wp-content/uploads/2023/04/Architectural.jpg,media,mercado-arquitectonico
/wp-content/uploads/2023/04/Hero-anti-graffiti-powder.jpg,media,polvo-antigrafiti
/wp-content/uploads/2023/04/hero-powders-antimicrobiano.jpg,media,polvo-antimicrobiano
/wp-content/uploads/2023/04/hero-powders-feve.jpg,media,polvo-de-fluoropolimero-feve
/wp-content/uploads/2023/04/hero-powders-standard-polyester.jpg,media,polvo-de-poliester-estandar
/wp-content/uploads/2023/04/hero-esd-powder.jpg,media,polvo-disipadores-de-electricidad-estatica-esd
/wp-content/uploads/2023/04/hero-powders-hybrid.jpg,media,polvo-epoxi polvo-hibrido
/wp-content/uploads/2023/04/hero-powders-superdurable-polyester.jpg,media,polvos-de-poliester-superduraderos
/wp-content/uploads/2023/04/hero-powders-puroplaz.jpg,media,polvos-termoplasticos-ifs-puroplaz
/wp-content/uploads/2023/04/hero-powders-NSF.jpg,media,recubrimientos-en-polvo-aprobados-por-nsf
/wp-content/uploads/2023/05/hero-close-up-car-and-wheel.jpg,media,repintado-de-automoviles
/wp-content/uploads/2023/04/Trailers-1.jpg,media,trailers-2
/wp-content/uploads/2023/04/hero-rebar-powder.jpg,media,varillas-de-refuerzo
