page,viewport,element,field,old,new
descargar-informacion,desktop,section-2-845,h,"763","766"
descargar-informacion,desktop,div_block-3-845,h,"613","616"
descargar-informacion,desktop,_rich_text-40-845,h,"613","616"
ul-polvo,desktop,section-2-820,h,"1783","1765"
ul-polvo,desktop,_rich_text-22-820,h,"342","324"
maquiladores,desktop,section-16-771,h,"4131","4159"
maquiladores,desktop,new_columns-17-771,h,"4032","4060"
maquiladores,desktop,div_block-18-771,h,"4032","4060"
maquiladores,desktop,headline-21-771,y,"861","864"
maquiladores,desktop,headline-23-771,y,"1408","1412"
maquiladores,desktop,headline-24-771,y,"1466","1470"
maquiladores,desktop,_rich_text-25-771,y,"1524","1529"
maquiladores,desktop,headline-26-771,y,"1602","1608"
maquiladores,desktop,_rich_text-27-771,y,"1660","1667"
maquiladores,desktop,headline-28-771,y,"1796","1804"
maquiladores,desktop,_rich_text-29-771,y,"1854","1862"
maquiladores,desktop,headline-30-771,y,"1960","1971"
maquiladores,desktop,_rich_text-31-771,y,"2019","2029"
maquiladores,desktop,headline-32-771,y,"2363","2375"
maquiladores,desktop,_rich_text-33-771,y,"2421","2433"
maquiladores,desktop,headline-34-771,y,"2661","2675"
maquiladores,desktop,_rich_text-35-771,y,"2719","2733"
maquiladores,desktop,headline-36-771,y,"3301","3317"
maquiladores,desktop,_rich_text-37-771,y,"3359","3375"
maquiladores,desktop,headline-38-771,y,"3465","3484"
maquiladores,desktop,_rich_text-39-771,y,"3524","3542"
maquiladores,desktop,headline-40-771,y,"3601","3622"
maquiladores,desktop,_rich_text-41-771,y,"3660","3680"
maquiladores,desktop,headline-42-771,y,"3766","3788"
maquiladores,desktop,_rich_text-43-771,y,"3825","3847"
maquiladores,desktop,headline-44-771,y,"3931","3955"
maquiladores,desktop,_rich_text-45-771,y,"3989","4014"
maquiladores,desktop,headline-46-771,y,"4096","4122"
maquiladores,desktop,_rich_text-47-771,y,"4154","4180"
condiciones-de-uso,desktop,section-2-747,h,"5673","5763"
condiciones-de-uso,desktop,_rich_text-7-747,h,"5343","5433"
politica-de-privacidad,desktop,section-10-740,h,"10516","10610"
politica-de-privacidad,desktop,_rich_text-8-740,h,"5309","5358"
politica-de-privacidad,desktop,shortcode-9-740,y,"5565","5613"
politica-de-privacidad,desktop,shortcode-9-740,h,"2275","2285"
politica-de-privacidad,desktop,div_block-19-740,y,"7854","7913"
politica-de-privacidad,desktop,div_block-19-740,h,"2587","2623"
politica-de-privacidad,desktop,headline-16-740,y,"7854","7913"
politica-de-privacidad,desktop,_rich_text-20-740,y,"7913","7971"
politica-de-privacidad,desktop,_rich_text-20-740,h,"2528","2564"
varillas-de-refuerzo,desktop,section-4-734,h,"1081","1119"
varillas-de-refuerzo,desktop,new_columns-5-734,h,"982","1020"
varillas-de-refuerzo,desktop,div_block-6-734,h,"982","1020"
varillas-de-refuerzo,desktop,_rich_text-8-734,h,"792","830"
trailers-2,desktop,section-5-732,h,"1184","1190"
trailers-2,desktop,new_columns-6-732,h,"1085","1091"
trailers-2,desktop,div_block-7-732,h,"1085","1091"
trailers-2,desktop,headline-12-732,y,"1093","1097"
trailers-2,desktop,_rich_text-13-732,y,"1151","1156"
aplicaciones-industriales-generales,desktop,section-4-727,h,"1652","1658"
aplicaciones-industriales-generales,desktop,new_columns-5-727,h,"1553","1559"
aplicaciones-industriales-generales,desktop,div_block-6-727,h,"1553","1559"
aplicaciones-industriales-generales,desktop,headline-18-727,y,"1399","1403"
aplicaciones-industriales-generales,desktop,_rich_text-17-727,y,"1457","1461"
repintado-de-automoviles,desktop,section-4-718,h,"1552","1560"
repintado-de-automoviles,desktop,new_columns-5-718,h,"1453","1461"
repintado-de-automoviles,desktop,div_block-6-718,h,"1453","1461"
repintado-de-automoviles,desktop,headline-13-718,y,"863","866"
repintado-de-automoviles,desktop,headline-17-718,y,"1295","1299"
repintado-de-automoviles,desktop,_rich_text-18-718,y,"1353","1357"
repintado-de-automoviles,desktop,headline-20-718,y,"1564","1570"
repintado-de-automoviles,desktop,_rich_text-21-718,y,"1622","1628"
mercado-arquitectonico,desktop,section-4-711,h,"2700","2704"
mercado-arquitectonico,desktop,new_columns-5-711,h,"2601","2605"
mercado-arquitectonico,desktop,div_block-6-711,h,"2601","2605"
mercado-arquitectonico,desktop,headline-13-711,y,"1023","1026"
mercado-arquitectonico,desktop,shortcode-17-711,y,"2071","2075"
mercado-arquitectonico,desktop,_rich_text-18-711,y,"2120","2124"
mercado-arquitectonico,desktop,headline-19-711,y,"2198","2202"
mercado-arquitectonico,desktop,_rich_text-21-711,y,"2256","2260"
mercado-arquitectonico,desktop,headline-22-711,y,"2467","2471"
mercado-arquitectonico,desktop,_rich_text-25-711,y,"2525","2529"
ifs-pureclad,desktop,headline-9-701,y,"521","524"
ifs-pureclad,desktop,headline-31-701,y,"3385","3388"
valores-de-la-mision,desktop,section-18-689,h,"1198","1164"
valores-de-la-mision,desktop,div_block-26-689,h,"526","490"
valores-de-la-mision,desktop,_rich_text-9-689,h,"180","162"
valores-de-la-mision,desktop,headline-16-689,y,"856","840"
valores-de-la-mision,desktop,_rich_text-17-689,y,"915","899"
valores-de-la-mision,desktop,_rich_text-17-689,h,"209","191"
polvo-disipadores-de-electricidad-estatica-esd,desktop,_rich_text-17-119,y,"1388","1391"
polvo-disipadores-de-electricidad-estatica-esd,desktop,headline-26-119,y,"1696","1699"
polvo-antigrafiti,desktop,_rich_text-17-101,y,"1293","1296"
polvo-antimicrobiano,desktop,_rich_text-15-98,y,"997","1000"
polvo-epoxi,desktop,section-14-91,h,"1252","1218"
polvo-epoxi,desktop,new_columns-15-91,h,"1153","1119"
polvo-epoxi,desktop,div_block-16-91,h,"1153","1119"
polvo-epoxi,desktop,_rich_text-20-91,h,"266","248"
polvo-epoxi,desktop,headline-21-91,y,"1141","1126"
polvo-epoxi,desktop,_rich_text-22-91,y,"1200","1184"
polvo-epoxi,desktop,_rich_text-22-91,h,"238","220"
polvo-de-fluoropolimero-feve,desktop,section-3-82,h,"1572","1554"
polvo-de-fluoropolimero-feve,desktop,new_columns-4-82,h,"1477","1459"
polvo-de-fluoropolimero-feve,desktop,div_block-5-82,h,"1477","1459"
polvo-de-fluoropolimero-feve,desktop,_rich_text-12-82,h,"428","410"
polvo-de-fluoropolimero-feve,desktop,headline-13-82,y,"1475","1458"
polvo-de-fluoropolimero-feve,desktop,_rich_text-15-82,y,"1539","1521"
polvo-de-fluoropolimero-feve,desktop,div_block-6-82,h,"1477","1459"
polvo-de-poliester-estandar,desktop,headline-23-72,y,"1291","1294"
polvo-de-poliester-estandar,desktop,headline-25-72,y,"1758","1761"
polvo-de-poliester-estandar,desktop,_rich_text-29-72,y,"2334","2337"
colors,desktop,text_block-148-51,x,"222","202"
colors,desktop,text_block-148-51,y,"484","487"
colors,desktop,text_block-148-51,h,"34","26"
colors,desktop,text_block-1560-51,x,"380","324"
colors,desktop,text_block-1560-51,y,"484","487"
colors,desktop,text_block-1560-51,h,"34","26"
colors,desktop,text_block-2372-51,x,"537","445"
colors,desktop,text_block-2372-51,y,"484","487"
colors,desktop,text_block-2372-51,h,"34","26"
descargar-informacion,mobile,section-2-845,h,"1016","1019"
descargar-informacion,mobile,div_block-3-845,h,"866","869"
descargar-informacion,mobile,_rich_text-40-845,h,"866","869"
ul-polvo,mobile,section-2-820,h,"3194","3176"
ul-polvo,mobile,_rich_text-22-820,h,"774","756"
conocenos,mobile,_rich_text-7-804,y,"2404","2407"
maquiladores,mobile,section-16-771,h,"6698","6726"
maquiladores,mobile,new_columns-17-771,h,"6599","6627"
maquiladores,mobile,div_block-18-771,h,"6461","6489"
maquiladores,mobile,headline-21-771,y,"1259","1262"
maquiladores,mobile,_rich_text-22-771,y,"1317","1320"
maquiladores,mobile,headline-23-771,y,"2151","2155"
maquiladores,mobile,headline-24-771,y,"2209","2214"
maquiladores,mobile,_rich_text-25-771,y,"2268","2272"
maquiladores,mobile,headline-26-771,y,"2432","2438"
maquiladores,mobile,_rich_text-27-771,y,"2490","2497"
maquiladores,mobile,headline-28-771,y,"2769","2778"
maquiladores,mobile,_rich_text-29-771,y,"2828","2836"
maquiladores,mobile,headline-30-771,y,"3078","3089"
maquiladores,mobile,_rich_text-31-771,y,"3136","3147"
maquiladores,mobile,headline-32-771,y,"3567","3579"
maquiladores,mobile,_rich_text-33-771,y,"3664","3676"
maquiladores,mobile,headline-34-771,y,"4134","4148"
maquiladores,mobile,_rich_text-35-771,y,"4192","4206"
maquiladores,mobile,headline-36-771,y,"4975","4992"
maquiladores,mobile,_rich_text-37-771,y,"5110","5127"
maquiladores,mobile,headline-38-771,y,"5332","5350"
maquiladores,mobile,_rich_text-39-771,y,"5390","5409"
maquiladores,mobile,headline-40-771,y,"5525","5546"
maquiladores,mobile,_rich_text-41-771,y,"5584","5604"
maquiladores,mobile,headline-42-771,y,"5834","5857"
maquiladores,mobile,_rich_text-43-771,y,"5893","5915"
maquiladores,mobile,headline-44-771,y,"6172","6196"
maquiladores,mobile,_rich_text-45-771,y,"6269","6293"
maquiladores,mobile,headline-46-771,y,"6461","6488"
maquiladores,mobile,_rich_text-47-771,y,"6520","6546"
condiciones-de-uso,mobile,section-2-747,h,"12700","12790"
condiciones-de-uso,mobile,_rich_text-7-747,h,"12120","12210"
politica-de-privacidad,mobile,section-10-740,h,"25382","25437"
politica-de-privacidad,mobile,_rich_text-8-740,h,"15062","15072"
politica-de-privacidad,mobile,shortcode-9-740,y,"15497","15507"
politica-de-privacidad,mobile,shortcode-9-740,h,"4953","4963"
politica-de-privacidad,mobile,div_block-19-740,y,"20464","20485"
politica-de-privacidad,mobile,div_block-19-740,h,"4842","4878"
politica-de-privacidad,mobile,headline-16-740,y,"20464","20485"
politica-de-privacidad,mobile,_rich_text-20-740,y,"20561","20581"
politica-de-privacidad,mobile,_rich_text-20-740,h,"4746","4782"
varillas-de-refuerzo,mobile,section-4-734,h,"1990","2028"
varillas-de-refuerzo,mobile,new_columns-5-734,h,"1891","1929"
varillas-de-refuerzo,mobile,div_block-6-734,h,"1753","1791"
varillas-de-refuerzo,mobile,_rich_text-8-734,h,"1512","1550"
trailers-2,mobile,section-5-732,h,"2330","2336"
trailers-2,mobile,new_columns-6-732,h,"2231","2237"
trailers-2,mobile,div_block-7-732,h,"2093","2099"
trailers-2,mobile,headline-10-732,y,"1232","1235"
trailers-2,mobile,_rich_text-11-732,y,"1367","1370"
trailers-2,mobile,headline-12-732,y,"1884","1889"
trailers-2,mobile,_rich_text-13-732,y,"1981","1985"
aplicaciones-industriales-generales,mobile,section-4-727,h,"3083","3089"
aplicaciones-industriales-generales,mobile,new_columns-5-727,h,"2984","2990"
aplicaciones-industriales-generales,mobile,div_block-6-727,h,"2846","2852"
aplicaciones-industriales-generales,mobile,headline-18-727,y,"2417","2422"
aplicaciones-industriales-generales,mobile,_rich_text-17-727,y,"2514","2519"
repintado-de-automoviles,mobile,section-4-718,h,"2673","2681"
repintado-de-automoviles,mobile,new_columns-5-718,h,"2574","2582"
repintado-de-automoviles,mobile,div_block-6-718,h,"2436","2444"
repintado-de-automoviles,mobile,_rich_text-15-718,y,"1399","1402"
repintado-de-automoviles,mobile,headline-17-718,y,"2031","2036"
repintado-de-automoviles,mobile,_rich_text-18-718,y,"2128","2133"
repintado-de-automoviles,mobile,headline-20-718,y,"2569","2576"
repintado-de-automoviles,mobile,_rich_text-21-718,y,"2628","2634"
mercado-arquitectonico,mobile,section-4-711,h,"4664","4668"
mercado-arquitectonico,mobile,new_columns-5-711,h,"4565","4569"
mercado-arquitectonico,mobile,div_block-6-711,h,"4426","4430"
mercado-arquitectonico,mobile,headline-13-711,y,"1673","1676"
mercado-arquitectonico,mobile,_rich_text-18-711,y,"3766","3771"
mercado-arquitectonico,mobile,headline-19-711,y,"3959","3964"
mercado-arquitectonico,mobile,_rich_text-21-711,y,"4056","4060"
mercado-arquitectonico,mobile,headline-22-711,y,"4468","4473"
mercado-arquitectonico,mobile,_rich_text-25-711,y,"4603","4608"
ifs-pureclad,mobile,_rich_text-10-701,y,"862","865"
ifs-pureclad,mobile,headline-15-701,y,"1915","1918"
ifs-pureclad,mobile,headline-19-701,y,"3095","3098"
ifs-pureclad,mobile,headline-22-701,y,"4264","4267"
ifs-pureclad,mobile,headline-28-701,y,"5874","5877"
valores-de-la-mision,mobile,section-18-689,h,"2036","2002"
valores-de-la-mision,mobile,div_block-26-689,h,"929","893"
valores-de-la-mision,mobile,_rich_text-9-689,y,"1090","1093"
valores-de-la-mision,mobile,_rich_text-9-689,h,"324","306"
valores-de-la-mision,mobile,headline-16-689,y,"1434","1419"
valores-de-la-mision,mobile,_rich_text-17-689,y,"1493","1477"
valores-de-la-mision,mobile,_rich_text-17-689,h,"468","450"
polvo-disipadores-de-electricidad-estatica-esd,mobile,headline-14-119,y,"1003","1006"
polvo-disipadores-de-electricidad-estatica-esd,mobile,_rich_text-17-119,y,"2058","2061"
recubrimientos-en-polvo-aprobados-por-nsf,mobile,headline-14-109,y,"1068","1071"
recubrimientos-en-polvo-aprobados-por-nsf,mobile,headline-16-109,y,"1922","1925"
polvo-antigrafiti,mobile,_rich_text-15-101,y,"1102","1105"
polvo-antigrafiti,mobile,headline-16-101,y,"1901","1904"
polvo-antigrafiti,mobile,_rich_text-17-101,y,"1998","2001"
polvo-antimicrobiano,mobile,headline-16-98,y,"1983","1986"
polvo-hibrido,mobile,headline-8-93,y,"1474","1477"
polvo-hibrido,mobile,_rich_text-9-93,y,"1609","1612"
polvo-epoxi,mobile,section-14-91,h,"2130","2096"
polvo-epoxi,mobile,new_columns-15-91,h,"2031","1997"
polvo-epoxi,mobile,div_block-16-91,h,"1893","1859"
polvo-epoxi,mobile,_rich_text-20-91,y,"1397","1400"
polvo-epoxi,mobile,_rich_text-20-91,h,"324","306"
polvo-epoxi,mobile,headline-21-91,y,"1721","1706"
polvo-epoxi,mobile,_rich_text-22-91,y,"1818","1803"
polvo-epoxi,mobile,_rich_text-22-91,h,"497","479"
polvo-de-fluoropolimero-feve,mobile,section-3-82,h,"3127","3109"
polvo-de-fluoropolimero-feve,mobile,new_columns-4-82,h,"3032","3014"
polvo-de-fluoropolimero-feve,mobile,div_block-5-82,h,"2894","2876"
polvo-de-fluoropolimero-feve,mobile,_rich_text-12-82,h,"803","785"
polvo-de-fluoropolimero-feve,mobile,headline-13-82,y,"2715","2697"
polvo-de-fluoropolimero-feve,mobile,_rich_text-15-82,y,"2778","2761"
polvo-de-poliester-estandar,mobile,headline-9-72,y,"1168","1171"
polvo-de-poliester-estandar,mobile,headline-23-72,y,"2220","2223"
polvo-de-poliester-estandar,mobile,_rich_text-24-72,y,"2355","2358"
polvo-de-poliester-estandar,mobile,headline-27-72,y,"3790","3793"
colors,mobile,text_block-148-51,x,"62","42"
colors,mobile,text_block-148-51,y,"600","609"
colors,mobile,text_block-148-51,w,"59","69"
colors,mobile,text_block-148-51,h,"43","19"
colors,mobile,text_block-1560-51,x,"175","129"
colors,mobile,text_block-1560-51,y,"600","609"
colors,mobile,text_block-1560-51,w,"59","69"
colors,mobile,text_block-1560-51,h,"43","19"
colors,mobile,text_block-2372-51,x,"289","216"
colors,mobile,text_block-2372-51,y,"600","609"
colors,mobile,text_block-2372-51,w,"59","69"
colors,mobile,text_block-2372-51,h,"43","19"
